NoNe         Keine

r01         Russische Armee

3IAK        3rd IAK

3GvIAP      3rd GvIAP
4GvIAPKBF   4rd GvIAP KBF
5GvIAP      5th GvIAP
6GvIAP      6th GvIAP
7GvIAP      7th GvIAP
9GvIAP      9th GvIAP
11GvIAP     11th GvIAP
12GvIAP     12th GvIAP
16GvIAP     16th GvIAP
40GvIAP     40th GvIAP
57GvIAP     57th GvIAP
88GvIAP     88th GvIAP
100GvIAP    100th GvIAP

4IAP        4th IAP
7IAP        7th IAP
11IAP       11th IAP
13IAPKBF    13th IAP KBF
16IAP       16th IAP
21IAPKBF    21st IAP KBF
25IAP       25th IAP
27IAP       27th IAP
28IAP       28th IAP
31IAP       31st IAP
32IAP       32nd IAP
43IAP       43rd IAP
71IAP       71st IAP
88IAP       88th IAP
116IAP      116th IAP
120IAP      120th IAP
131IAP      131st IAP
148IAP      148th IAP
153IAP      153rd IAP
155IAP      155th IAP
158IAP      158th IAP
160IAP      160th IAP
161IAP      161st IAP
163IAP      163rd IAP
165IAP      165th IAP
176IAP      176th IAP
178IAP      178th IAP
183IAP      183th IAP
195IAP      195th IAP
197IAP      197th IAP
237IAP      237th IAP
239IAP      239th IAP
254IAP      254th IAP
270IAP      270th IAP
272IAP      272nd IAP
279IAP      279th IAP
296IAP      296th IAP
511IAP      511th IAP
530IAP      530th IAP
609IAP      609th IAP
611IAP      611th IAP
728IAP      728th IAP
767IAP      767th IAP

NN          Normandie Niemen

7GvShAP     7th GvShAP
8GvShAP     8th GvShAP
94GvShAP    94th GvShAP
166GvShAP   166th GvShAP

23ShAP      23rd ShAP
47ShAP      47th ShAP
61ShAP      61st ShAP
65ShAP      65th ShAP
66ShAP      66th ShAP
175ShAP     175th ShAP
190ShAP     190th ShAP
210ShAP     210th ShAP
218ShAP     218th ShAP
237ShAP     237th ShAP
430ShAP     430th ShAP
431ShAP     431st ShAP
614ShAP     614th ShAP
617ShAP     617th ShAP
672ShAP     672nd ShAP
688ShAP     688th ShAP
810ShAP     810th ShAP
874ShAP     874th ShAP
995ShAP     995th ShAP

15MTAP      15th MTAP

30RAP       30th RAP

34BAP       34th BAP
40BAP       40th BAP
80BAP       80th BAP
210BAP      210th BAP

250TBAP     250th TBAP
325TBAP     325th TBAP

czssrlp	\u010Cs. st\u00EDhac\u00ED leteck\u00FD pluk (v SSSR)
czssr11     1. \u010Ds. sm\u00ED\u0161en\u00E1 divize, 1. st\u00EDhac\u00ED pluk (v SSSR)
czssr12     1. \u010Ds. sm\u00ED\u0161en\u00E1 divize, 2. st\u00EDhac\u00ED pluk (v SSSR) 
czssr13   	1. \u010Ds. sm\u00ED\u0161en\u00E1 divize, 3. bitevn\u00ED pluk (v SSSR)

pl01        Polnische Armee


1PLM        1 PLM
9PLM        9 PLM
10PLM       10 PLM
11PLM       11 PLM

2PNB        2 PNB

3PLSz       3 PLSz
6PLSz       6 PLSz
7PLSz       7 PLSz
8PLSz       8 PLSz

PZL111FS    111 Eskadra Mysliwska
PZL112FS    112 Eskadra Mysliwska
PZL113FS    113 Eskadra Mysliwska
PZL114FS    114 Eskadra Mysliwska
PZL121FS    121 Eskadra Mysliwska
PZL122FS    122 Eskadra Mysliwska
PZL123FS    123 Eskadra Mysliwska
PZL131FS    131 Eskadra Mysliwska
PZL132FS    132 Eskadra Mysliwska
PZL141FS    141 Eskadra Mysliwska
PZL142FS    142 Eskadra Mysliwska
PZL151FS    151 Eskadra Mysliwska
PZL152FS    152 Eskadra Mysliwska
PZL161FS    161 Eskadra Mysliwska
PZL162FS    162 Eskadra Mysliwska

re01        Russisches Imperium

fr01        Franz\u00f6sische Armee

faflgc1     FAFL GC 1
faflgrb1    FAFL GRB 1
GBI31       GB I/31
GBI32       GB I/32
GCBI18      GCB I/18
GCII5       GC II/5
GCIII6      GC III/6
GRI33       GR I/33
GRII33      GR II/33
GC_I_1_     GC I/1
GC_I_4      GC I/4
GC_I_5      GC I/5
GC_I_10     GC I/10
GC_II_3     GC II/3
GC_III_3    GC III/3
gc253e      3e Esc., GC II/5 "La Fayette"
gc254e      4e Esc., GC II/5 "La Fayette"
czGC1_5		Groupe de Chasse I/5 (Czech) 
czGC2_5		Groupe de Chasse II/5 (Czech) 
czGC1_6		Groupe de Chasse I/6 (Czech) 

fl01        Finnland 

rl01        Rum\u00E4nien

54Esk       Escadrila 54 (Romania post 8.44, Allied)
65Esk       Escadrila 65, Grupul 2 Van. (Romania post 8.44, Allied)
66Esk       Escadrila 66, Grupul 2 Van. (Romania post 8.44, Allied)
59Esk       Escadrila 59, Grupul 6 Van. (Romania post 8.44, Allied)
61Esk       Escadrila 61, Grupul 6 Van. (Romania post 8.44, Allied)
62Esk       Escadrila 62, Grupul 6 Van. (Romania post 8.44, Allied)
47Esk       Escadrila 47, Grupul 9 Van. (Romania post 8.44, Allied)
48Esk       Escadrila 48, Grupul 9 Van. (Romania post 8.44, Allied)
56Esk       Escadrila 56, Grupul 9 Van. (Romania post 8.44, Allied)
41Esk       Escadrila 41, Grupul 8 Asalt. (Romania post 8.44, Allied)
74Esk       Escadrila 74, Grupul 3 Bomb. (Romania post 8.44, Allied)

es01        Republikanisches Spanien

Escuadron1  1° Escuadron de Caza "Popeye"
Escuadr1_   1° Escuadron 1 Escuadrilla
Escuadr2_   1° Escuadron 2 Escuadrilla
Escuadr3_   1° Escuadron 3 Escuadrilla
Escuadr4_   1° Escuadron 4 Escuadrilla
Escuadr5_   1° Escuadron 5 Escuadrilla
Escuadr6_   1° Escuadron 6 Escuadrilla
Escuadr7_   1° Escuadron 7 Escuadrilla
Escuadr8_   1° Escuadron Escuadrilla Vasca
Escuadr9_   1° Escuadron P. de defensa de Costas
Escuadr10_  1° Escuadron Escuela de Caza
Escuadr11_  Escuadron "Alas rojas"
Escuadr12_  Grupo 2-G-2

il01        Italien (ICAF)

5stormo     5 Stormo (Giuseppe Cenni)

no01        Norwegen

gr01        Griechenland

br01        Brasilien

sa01        S\u00FCdafrika

1SqnSAAF    1 Squadron SAAF
4SqnSAAF    4 Squadron SAAF
5SqnSAAF    5 Squadron SAAF
12SqnSAAF   12 Squadron SAAF
21SqnSAAF   21 Squadron SAAF
24SqnSAAF   24 Squadron SAAF
25SqnSAAF   25 Squadron SAAF
26SqnSAAF   26 Squadron (Maritime) SAAF
28SqnSAAF   28 Squadron (Transport) SAAF
30SqnSAAF   30 Squadron SAAF
31SqnSAAF   31 Squadron SAAF

yu01        Yugoslawien

dk01        D\u00E4nemark

ph01        Philippinen

ch01        Schweiz

cn01        China

mg01        Nicaragua

is01        Israel

is101       101 Squadron IDF

be01        Belgien

th01        Thailand

11Sqn       11 Squadron RTAF
12Sqn       12 Squadron RTAF
60Sqn       60 Squadron RTAF
32Sqn       32 Squadron RTAF
50Sqn       50 Squadron RTAF
73Sqn       73 Squadron RTAF
80Sqn       80 Squadron RTAF
35Sqn       35 Squadron RTAF
34Sqn       34 Squadron RTAF
70Sqn       70 Squadron RTAF
71Sqn       71 Squadron RTAF
72Sqn       72 Squadron RTAF
44Sqn       44 Squadron RTAF
41Sqn       41 Squadron RTAF
42Sqn       42 Squadron RTAF
43Sqn       43 Squadron RTAF

bl01        Bulgarien

dd01        Deutsche Demokratische Republik

cz01        Tschechoslowakei

cz1lp	1. leteck\u00FD pluk (Hradec Kr\u00E1lov\u00E9)
cz2lp	2. leteck\u00FD pluk (Olomouc)
cz3lp	3. leteck\u00FD pluk (Pie\u0161\u0165any)
cz4lp	4. leteck\u00FD pluk (Praha)
cz5lp	5. leteck\u00FD pluk (Brno)
cz6lp	6. leteck\u00FD pluk (Praha)
czsnp	Povstaleck\u00E1 Kombinovan\u00E1 letka (SNP)

pt01        Portugal

1esquadrilha 1. Esquadrilha de Caça
2esquadrilha 2. Esquadrilha de Caça
3esquadrilha 3. Esquadrilha de Caça

bo01        Bolivische Luftwaffe

ab01        \u00c4thiopische Luftwaffe

mx01        Mexikanische Luftwaffe

ur01        Uruguaysche Luftwaffe

hy01        Ungarische Luftwaffe

nl01        Niederl\u00c4ndische Luftwaffe

kr01        S\u00FCdkorea

at01        Österreichisches Bundesheer

pe01        Perus Luftwaffe

id01        Indische Luftwaffe

gb01        Royal Air Force

30thSqn     30th Squadron RAF

302WX       No. 302 (Polish) Sqn 'Poznanski'
303RF       No. 303 (Polish) Sqn 'Kosciuszkowski'
306UZ       No. 306 (Polish) Sqn 'Torunski'
308ZF       No. 308 (Polish) Sqn 'Krakowski'
309WC       No. 309 (Polish) Sqn 'Czerwienski'
315PK       No. 315 (Polish) Sqn 'Deblinski'
316SZ       No. 316 (Polish) Sqn 'Warszawski'
317JH       No. 317 (Polish) Sqn 'Wilenski'
318LW       No. 318 (Polish) Sqn 'Gdanski'

1Squadron              1 Squadron RAF
113Squadron        113 Squadron RAF
113Squadronfe      113 Squadron (1945) RAF
117Squadrontc      117 Squadron (Transport) RAF
11Squadronearly    11 Squadron (early) RAF
11Squadronfe       11 Squadron (Far East) RAF
11Squadronlate     11 Squadron (late) RAF
123Squadronfe      123 Squadron (Far East) RAF
126Squadron        126 Squadron (Malta) RAF
131Squadron        131 Squadron RAF
134Squadronfe      134 Squadron (Far East) RAF
134Squadronussr    134 Squadron (in USSR) RAF
135Squadronfe      135 Squadron (Far East) RAF
136Squadronfe      136 Squadron (Far East) RAF
146Squadron        146 Squadron RAF
151Squadron            151 Squadron RAF
152sqn             152 Squadron
155Squadronearly   155 Squadron (pre Jan-1944) RAF
176Squadron        176 Squadron RAF
177Squadron        177 Squadron RAF
17Squadron         17 Squadron RAF
185Squadron        185 Squadron RAF
19sqn              19 Squadron
191Squadronmaritime    191 Squadron (Maritime) RAF
194Squadrontc          194 Squadron (Transport) RAF
2Squadron              2 Squadron RAF
205Squadronmaritime    205 Squadron (Maritime) RAF
205Squadronmaritimenc  205 Squadron (Maritime - No Codes) RAF
209Squadronmaritimefe  202 Squadron (Maritime - Apr 1942-45) RAF
20Squadron             20 Squadron RAF
20Squadronac           20 Squadron (Army Co-Op) RAF
211Squadron            211 Squadron (Bomber) RAF
211Squadronmid         211 Squadron RAF
212Squadronmaritime    212 Squadron (Maritime) RAF
215Squadrontc          215 Squadron (Transport) RAF
216Squadrontc          216 Squadron (Transport) RAF
217Squadronlate        217 Squadron (Far East) RAF
22Squadron             22 Squadron RAF
232Squadron            232 Squadron RAF
233Squadrontc          233 Squadron (Transport) RAF
234sqn                 234 Squadron
238Squadrontc          238 Squadron (Transport) RAF
240Squadronmaritime    240 Squadron (Maritime) RAF
240Squadronmaritimefe  240 Squadron (Maritime - post Jun-1942) RAF
240Squadronmaritimeuk  240 Squadron (Maritime - pre Jun-1942) RAF
242Squadronfe          242 Squadron RAF
243Squadron            243 Squadron RAF
243Squadrontc          243 Squadron (Transport) RAF
249Squadron            249 Squadron (Malta) RAF
257Squadron            257 Squadron RAF
258Squadronlate        258 Squadron (mid 1944-45) RAF
258Squadronmid         258 Squadron (Far East 1942-44) RAF
259Squadronmaritime    259 Squadron (Maritime) RAF
261Squadronfe          261 Squadron (Far East) RAF
262Squadronmaritime    262 Squadron (Maritime) RAF
264Squadron            264 Squadron RAF
265Squadronmaritime    265 Squadron (Maritime) RAF
266sqn                 266 Squadron
266Squadron            266 Squadron RAF
267Squadrontc          267 Squadron (Transport) RAF
273Squadronlate        273 Squadron RAF
27Squadron             27 Squadron RAF
27Squadronearly        27 Squadron (Far East) RAF
28Squadron             28 Squadron RAF
31Squadrontc           31 Squadron (Transport) RAF
32Squadron             32 Squadron RAF
326sqn                 326 Squadron (FR)
34Squadronbc           34 Squadron (Bombers 1941-43) RAF
34Squadronfc           34 Squadron (Fighters 1943-45) RAF
340sqn                 340 Squadron (FAFL)
341sqn                 341 Squadron (FAFL)
342sqn                 342 Squadron (FAFL)
41sqn                  41 Squadron
42Squadron             42 Squadron RAF
45Squadron             45 Squadron RAF
47Squadron             47 Squadron RAF
48Squadrontc           48 Squadron (Transport) RAF
52Squadrontc           52 Squadron (Transport) RAF
54sqn                  54 Squadron
54Squadron             54 Squadron RAF
56Squadron             56 Squadron RAF
501Squadron            501 Squadron RAF
5Squadron              5 Squadron RAF
5Squadronearly         5 Squadron (No codes) RAF
60Squadron             60 Squadron RAF
601Squadron            601 Squadron (Malta) RAF
603Squadron            603 Squadron (Malta) RAF
605Squadronfe          605 Squadron (Far East) RAF
607Squadronfe          607 Squadron (Far East) RAF
609sqn                 609 Squadron
610Squadron            610 Squadron RAF
615Squadron            615 Squadron "County of Surrey" RAF
616sqn                 616 Squadron
628Squadronmaritime    628 Squadron (Maritime) RAF
62Squadron             62 Squadron RAF
62Squadrontc           62 Squadron (Transport) RAF
64Squadron             64 Squadron RAF
65Squadron             65 Squadron RAF
66sqn                  66 Squadron
67Squadron             67 Squadron RAF
681Squadron            681 Squadron (PRU) RAF
684Squadron            684 Squadron (PRU) RAF
72sqn                  72 Squadron
74Squadronearly        74 Squadron "Trinidad" RAF
75Squadron             75 Squadron RAF
76Squadrontc           76 Squadron (Transport) RAF
79Squadron             79 Squadron "Madras Presidency" RAF
81Squadron             81 Squadron RAF
81Squadronussr         81 Squadron (in USSR) RAF
82Squadron             82 Squadron "United Provinces" RAF
84Squadron             84 Squadron RAF
89Squadron             89 Squadron RAF
92sqn                  92 Squadron
92Squadron             92 Squadron RAF
96Squadrontc           96 Squadron (Transport) RAF

118thSquadron            118 Squadron (Fighter) (RCAF)
400thSquadron            400 Army Co-Operation Squadron (RCAF)
401thSquadron            401 Fighter Squadron (RCAF)
402thSquadron            402 Fighter Squadron (RCAF)
403thSquadron            403 Fighter Squadron (RCAF)
404thSquadron            404 Coastal Fighter Squadron (RCAF)
405thSquadron            405 Bomber Squadron (RCAF)
406thSquadron            406 Night Fighter Squadron (RCAF)
407thSquadron            407 General Reconnaissance Squadron (RCAF)
408thSquadron            408 Bomber Squadron (RCAF)
409thSquadron            409 Night Fighter Squadron (RCAF)
410thSquadron            410 Night Fighter Squadron (RCAF)
411thSquadron            411 Fighter Squadron (RCAF)
412thSquadron            412 Fighter Squadron (RCAF)
413Squadronmaritime    413 Squadron (Maritime) (RCAF)
413Squadronmaritimenc  413 Squadron (Maritime - No Codes) (RCAF)
413thSquadron            413 General Reconnaissance Squadron (RCAF)
414thSquadron            414 Fighter Reconnaissance Squadron (RCAF)
415thSquadron            415 Torpedo Bomber Squadron (RCAF)
416thSquadron            416 Fighter Squadron (RCAF)
417thSquadron            417 Fighter Squadron (RCAF)
418thSquadron            418 Intruder Squadron (RCAF)
419thSquadron            419 Bomber Squadron (RCAF)
420thSquadron            420 Bomber Squadron (RCAF)
421thSquadron            421 Fighter Squadron (RCAF)
422thSquadron            422 General Reconnaissance Squadron (RCAF)
423thSquadron            423 General Reconnaissance Squadron (RCAF)
424thSquadron            424 Bomber Squadron (RCAF)
425thSquadron            425 Bomber Squadron (RCAF)
426thSquadron            426 Bomber Squadron (RCAF)
427thSquadron            427 Bomber Squadron (RCAF)
428thSquadron            428 Bomber Squadron (RCAF)
429thSquadron            429 Bomber Squadron (RCAF)
430thSquadron            430 Army Co-operation Squadron (RCAF)
431thSquadron            431 Bomber Squadron (RCAF)
432thSquadron            432 Bomber Squadron (RCAF)
433thSquadron            433 Bomber Squadron (RCAF)
434thSquadron            434 Bomber Squadron (RCAF)
435Squadrontc          435 Squadron (Transport) (RCAF)
435thSquadron            435 Transport Squadron (RCAF)
436Squadrontc          436 Squadron (Transport) (RCAF)
436thSquadron            436 Transport Squadron (RCAF)
437thSquadron            437 Transport Squadron (RCAF)
438thSquadron            438 Fighter Bomber Squadron (RCAF)
439thSquadron            439 Fighter Bomber Squadron (RCAF)
440thSquadron            440 Fighter Bomber Squadron (RCAF)
441thSquadron            441 Fighter Squadron (RCAF)
442thSquadron            442 Fighter Squadron (RCAF)
443thSquadron            443 Fighter Squadron (RCAF)

cz068	68. no\u010Dn\u00ED  st\u00EDhac\u00ED  peru\u0165 RAF (NF)
cz310	310. st\u00EDhac\u00ED  peru\u0165 RAF (F)
cz311	311. bombardovac\u00ED  peru\u0165 RAF (B) (1940-1942)
cz311l	311. bombardovac\u00ED  peru\u0165 RAF (B) (1942-1945)
cz312	312. st\u00EDhac\u00ED  peru\u0165 RAF (F)
cz313	313. st\u00EDhac\u00ED  peru\u0165 RAF (F)

ca01                   Kanada

400Squadron            400 Air Reserve Squadron
401Squadron            401 Fighter Squadron (Auxiliary)
402Squadron            402 Fighter-Bomber Squadron (Auxiliary)
403Squadron            403 Fighter-Bomber Squadron (Auxiliary)
404Squadron            404 Maritime Reconnaissance Squadron
405Squadron            405 Bomber Reconnaissance Squadron
406Squadron            406 Tactical Bomber Squadron (Auxiliary)
407Squadron            407 Maritime Reconnaissance Squadron
408Squadron            408 Photographic Reconnaissance Squadron
409Squadron            409 All Weather Fighter Squadron
410Squadron            410 Fighter Squadron
411Squadron            411 Fighter Squadron (Reserve)
412Squadron            412 Transport Squadron
413Squadron            413 Survey and Transport Squadron
414Squadron            414 Fighter Squadron
415Squadron            415 Maritime Patrol Squadron (1961)
416Squadron            416 Fighter Squadron
417Squadron            417 Fighter Reconnaissance Squadron
418Squadron            418 Fighter-Bomber Squadron (Auxiliary)
419Squadron            419 All-Weather Fighter Squadron
420Squadron            420 Fighter Squadron (Auxiliary)
421Squadron            421 Fighter Squadron
422Squadron            422 Fighter Squadron
423Squadron            423 All-Weather Fighter Squadron
424Squadron            424 Light Bomber Squadron (Auxiliary)
425Squadron            425 All-Weather Fighter Squadron
426Squadron            426 Transport Squadron
427Squadron            427 Fighter Squadron
428Squadron            428 All-Weather Fighter Squadron
429Squadron            429 Tactical Transport Squadron
430Squadron            430 Fighter Squadron
431Squadron            431 Air Demonstration Squadron
432Squadron            432 All-Weather Fighter Squadron
433Squadron            433 All-Weather Fighter Squadron
434Squadron            434 Fighter Squadron
435Squadron            435 Transport Squadron
436Squadron            436 Transport Squadron
437Squadron            437 Transport Squadron
438Squadron            438 Fighter Bomber Squadron
439Squadron            439 Fighter Bomber Squadron
440Squadron            440 All-Weather Fighter Squadron
441Squadron            441 Fighter Squadron
442Squadron            442 Auxiliary Fighter Squadron
443Squadron            443 Fighter Squadron
444Squadron            444 Fighter Squadron
445Squadron            445 All-Weather Fighter Squadron
446Squadron            446 Surface To Air Missile Squadron
447Squadron            447 Surface To Air Missile Squadron
448Squadron            448 Test Squadron
449Squadron            449 Maritime Training Squadron
450Squadron            450 Heavy Transport Helicopter Squadron

DU_NN Niederlande

119SquadronNEI         119 (B) Squadron NEI (RAAF)
120SquadronNEI         120 (F) Squadron NEI (RAAF)
18SquadronNEI          18 (B) Squadron NEI (RAAF)
321Squadronmaritime    321 Squadron (Maritime) (Dutch) RAF

RZ_NN Royal Air Force Neuseelands

14FSquadron        14 (F) Squadron RNZAF
15FSquadron        15 (F) Squadron RNZAF
16FSquadron        16 (F) Squadron RNZAF
17FSquadron        17 (F) Squadron RNZAF
18FSquadron        18 (F) Squadron RNZAF
19FSquadron        19 (F) Squadron RNZAF
20FSquadron        20 (F) Squadron RNZAF
21FSquadron        21 (F) Squadron RNZAF
22FSquadron        22 (F) Squadron RNZAF
23FSquadron        23 (F) "Ghost" Squadron RNZAF
24FSquadron        24 (F) Squadron RNZAF
25DBSquadron       25 (DB) Squadron RNZAF
25FSquadron        25 (F) Squadron RNZAF
26FSquadron        26 (F) Squadron RNZAF
30DBSquadron       30 (DB) Squadron RNZAF
31DBSquadron       31 (DB) Squadron RNZAF
3OTUSquadron       3 (FB) O.T.U RNZAF
40TSquadron        40 (T) Squadron RNZAF
41TSquadron        41 (T) Squadron RNZAF
488Squadronfe      488 Squadron (Far East) (RNZAF)
5FBSquadron        5 (FB) Squadron RNZAF
6FBSquadron        6 (FB) Squadron RNZAF

RA_NN Royal Air Force Australiens

102SquadronRAAF      102 (B) Squadron RAAF
111ASRRAAF           111 Air-Sea Rescue Flt RAAF
112ASRRAAF           112 Air-Sea Rescue Flt RAAF
113ASRRAAF           113 Air-Sea Rescue Flt RAAF
11SquadronRAAF       11 (FB) Squadron RAAF
12SquadronRAAF       12 (B) Squadron RAAF
1PRURAAF             1 (PRU) RAAF
200FlightRAAF        200 (B) Flight RAAF
201FlightRAAF        201 (B) Flight RAAF
20SquadronRAAF       20 (FB) Squadron RAAF
21SquadronBRAAF      21 (B) Squadron RAAF
21SquadronearlyRAAF  21 (F) Squadron RAAF
22BSquadronRAAF      22 (B) Squadron RAAF
22SquadronRAAF       22 Squadron RAAF
23SquadronRAAF       23 (F) Squadron RAAF
24FSquadronRAAF      24 (F) Squadron RAAF
24SquadronRAAF       24 (B) Squadron RAAF
25FSquadronRAAF      25 (F) Squadron RAAF
25SquadronRAAF       25 (B) Squadron RAAF
2SquadronRAAF        2 (B) Squadron RAAF
30SquadronRAAF       30 Squadron RAAF
31SquadronRAAF       31 Squadron RAAF
33SquadronRAAF       33 (T) Squadron RAAF
34SquadronRAAF       34 (T) Squadron RAAF
35SquadronRAAF       35 (T) Squadron RAAF
36SquadronRAAF       36 (T) Squadron RAAF
37SquadronRAAF       37 (T) Squadron RAAF
38SquadronRAAF       38 (T) Squadron RAAF
3SquadronRAAF        3 (F) Squadron RAAF
42SquadronRAAF       42 (FB) Squadron RAAF
43SquadronRAAF       43 (FB) Squadron RAAF
452SquadronRAAF      452 (F) Squadron (RAAF)
453SquadronearlyRAAF 453 (F) Squadron (RAAF)
457SquadronRAAF      457 (F) Squadron (RAAF)
548SquadronRAF       548 Squadron RAF
549SquadronRAF       549 Squadron RAF
54SquadronRAF        54 Squadron RAF
6CommsRAAF           6 Comms. Unit RAAF
75SquadronRAAF       75 (F) Squadron RAAF
76SquadronRAAF       76 (F) Squadron RAAF
77SquadronRAAF       77 (F) Squadron RAAF
78SquadronRAAF       78 (F) Squadron RAAF
79SquadronRAAF       79 (F) Squadron RAAF
80SquadronRAAF       80 (F) Squadron RAAF
82SquadronRAAF       82 (F) Squadron RAAF
83SquadronRAAF       83 (F) Squadron RAAF
84SquadronRAAF       84 (F) Squadron RAAF
85SquadronRAAF       85 (F) Squadron RAAF
86SquadronRAAF       86 (F) Squadron RAAF
87PRURAAF            87 (PRU) RAAF
8CommsRAAF           8 Comms. Unit RAAF
92SquadronRAAF       92 Squadron RAAF
93SquadronRAAF       93 "Green Ghost" Squadron RAAF
99SquadronRAAF       99 (B) Squadron RAAF

RN_NN Royal Navy

1701sq 1701 Squadron FAA
1770sq 1770 Squadron FAA
1771sq 1771 Squadron FAA
1772sq 1772 Squadron FAA
1790sq 1790 Squadron FAA
1830sq 1830 Squadron FAA
1831sq 1831 Squadron FAA
1833sq 1833 Squadron FAA
1834sq 1834 Squadron FAA
1836sq 1836 Squadron FAA
1839sq 1839 Squadron FAA
1840sq 1840 Squadron FAA
1841sq 1841 Squadron FAA
1842sq 1842 Squadron FAA
1843sq 1843 Squadron FAA
1844sq 1844 Squadron FAA
1845sq 1845 Squadron FAA
1846sq 1846 Squadron FAA
1850sq 1850 Squadron FAA
1851sq 1851 Squadron FAA
702sq  702 Squadron FAA
706sq  706 Squadron FAA
721sq  721 Squadron FAA
723sq  723 Squadron FAA
724sq  724 Squadron FAA
801sq  801 Squadron FAA
812sq  812 Squadron FAA
814sq  814 Squadron FAA
820sq  820 Squadron FAA
827sq  827 Squadron FAA
828sq  828 Squadron FAA
837sq  837 Squadron FAA
845sq  845 Squadron FAA
848sq  848 Squadron FAA
849sq  849 Squadron FAA
854sq  854 Squadron FAA
857sq  857 Squadron FAA
880sq  880 Squadron FAA
885sq  885 Squadron FAA
887sq  887 Squadron FAA
894sq  894 Squadron FAA
899sq  899 Squadron FAA

usa01       US-Armee

15AF_31FG_307FS         307th FS, 31st FG, 15th AF
15AF_31FG_308FS         308th FS, 31st FG, 15th AF
15AF_31FG_309FS         309th FS, 31st FG, 15th AF
15AF_325FG_0HQ          325th FG, 15th AF
15AF_325FG_317FS        317th FS, 325th FG, 15th AF
15AF_325FG_318FS        318th FS, 325th FG, 15th AF
15AF_325FG_319FS        319th FS, 325th FG, 15th AF
15AF_332FG_099FS        332nd FS, 99th FG, 15th AF
15AF_332FG_100FS        332nd FS, 100th FG, 15th AF
15AF_332FG_301FS        332nd FS, 301st FG, 15th AF
15AF_332FG_302FS        332nd FS, 302nd FG, 15th AF
8AF_004FG_0HQ           4th FG, 8th AF
8AF_004FG_334FS         334th FS, 4th FG, 8th AF
8AF_004FG_335FS         335th FS, 4th FG, 8th AF
8AF_004FG_336FS         336th FS, 4th FG, 8th AF
8AF_020FG_55FS          55th FS, 20th FG, 8th AF
8AF_020FG_77FS          77th FS, 20th FG, 8th AF
8AF_020FG_79FS          79th FS, 20th FG, 8th AF
8AF_055FG_338FS         338th FS, 55th FG, 8th AF
8AF_055FG_343FS         343rd FS, 55th FG, 8th AF
8AF_055FG_38FS          38th FS, 55th FG, 8th AF
8AF_056FG_0HQ           56th FG, 8th AF
8AF_056FG_61FS          61st FS, 56th FG, 8th AF
8AF_056FG_62FS          62nd FS, 56th FG, 8th AF
8AF_056FG_63FS          63rd FS, 56th FG, 8th AF
8AF_078FG_82FS          82nd FS, 78th FG, 8th AF
8AF_078FG_83FS          83rd FS, 78th FG, 8th AF
8AF_078FG_84FS          84th FS, 78th FG, 8th AF
8AF_339FG_503FS         503rd FS, 339th FG, 8th AF
8AF_339FG_504FS         505th FS, 339th FG, 8th AF
8AF_339FG_505FS         504th FS, 339th FG, 8th AF
8AF_352FG_328FS         328th FS, 352nd FG, 8th AF
8AF_352FG_486FS         486th FS, 352nd FG, 8th AF
8AF_352FG_487FS         487th FS, 352nd FG, 8th AF
8AF_353FG_0HQ           353rd FG, 8th AF
8AF_353FG_350FS         350th FS, 353rd FG, 8th AF
8AF_353FG_351FS         351st FS, 353rd FG, 8th AF
8AF_353FG_352FS         352nd FS, 353rd FG, 8th AF
8AF_355FG_354FS         355th FS, 354th FG, 8th AF
8AF_355FG_357FS         355th FS, 357th FG, 8th AF
8AF_355FG_358FS         355th FS, 358th FG, 8th AF
8AF_356FG_359FS         356th FS, 359th FG, 8th AF
8AF_356FG_360FS         356th FS, 360th FG, 8th AF
8AF_356FG_361FS         356th FS, 361st FG, 8th AF
8AF_357FG_362FS         362nd FS, 357th FG, 8th AF
8AF_357FG_363FS         363rd FS, 357th FG, 8th AF
8AF_357FG_364FS         364th FS, 357th FG, 8th AF
8AF_359FG_368FS         368th FS, 359th FG, 8th AF
8AF_359FG_369FS         370th FS, 359th FG, 8th AF
8AF_359FG_370FS         370th FS, 359th FG, 8th AF
8AF_361FG_374FS         374th FS, 361st FG, 8th AF
8AF_361FG_375FS         375th FS, 361st FG, 8th AF
8AF_361FG_376FS         376th FS, 361st FG, 8th AF
8AF_364FG_383FS         383rd FS, 364th FG, 8th AF
8AF_364FG_384FS         384th FS, 364st FG, 8th AF
8AF_364FG_385FS         385th FS, 364st FG, 8th AF
8AF_479FG_434FS         434th FS, 479th FG, 8th AF
8AF_479FG_435FS         435th FS, 479th FG, 8th AF
8AF_479FG_436FS         436th FS, 479th FG, 8th AF
9AF_036FG_22FS          22nd FS, 36th FG, 9th AF
9AF_036FG_23FS          23rd FS, 36th FG, 9th AF
9AF_036FG_53FS          53rd FS, 36th FG, 9th AF
9AF_048FG_492FS         492nd FS, 48th FG, 9th AF
9AF_048FG_493FS         493rd FS, 48th FG, 9th AF
9AF_048FG_494FS         494th FS, 48th FG, 9th AF
9AF_354FG_353FS         353rd FS, 354th FG, 9th AF
9AF_354FG_355FS         355th FS, 354th FG, 9th AF
9AF_354FG_356FS         356th FS, 354th FG, 9th AF
9AF_362FG_377FS         377th FS, 362nd FG, 9th AF
9AF_362FG_378FS         378th FS, 362nd FG, 9th AF
9AF_362FG_379FS         379th FS, 362nd FG, 9th AF
9AF_365FG_386FS         386th FS, 365th FG, 9th AF
9AF_365FG_387FS         387th FS, 365th FG, 9th AF
9AF_365FG_388FS         388th FS, 365th FG, 9th AF
9AF_404FG_506FS         506th FS, 404th FG, 9th AF
9AF_404FG_507FS         507th FS, 404th FG, 9th AF
9AF_404FG_508FS         508th FS, 404th FG, 9th AF
RAF_No001SQN    No. 1 Sqn
RAF_No003SQN    No. 3 Sqn
RAF_No033SQN    No. 33 Sqn
RAF_No071SQN    No. 71 (USA) Sqn
RAF_No081SQN    No. 81 Sqn
RAF_No087SQN    No. 87 Sqn
RAF_No091SQN    No. 91 Sqn
RAF_No112SQN    No. 112 Sqn
RAF_No134SQN    No. 134 Sqn
RAF_No303SQN    No. 303 (Polish) Sqn
RAF_No310SQN    No. 310 (Cz.) Sqn
RAF_No312SQN    No. 312 (Cz.) Sqn
RAF_No320SQN    No. 320 (Netherlands) Sqn
RAF_No326SQN    No. 326 (Fr.) Sqn
RAF_No331SQN    No. 331 (Norway) Sqn
RAF_No340SQN    No. 340 (Fr.) Sqn
RAF_No486SQN    No. 486 Sqn RNZAF
RAF_No501SQN    No. 501 Sqn
RAF_No601SQN    No. 602 Sqn

AVG_FS_1z AVG "Flying Tigers", 1st Sq
AVG_FS_2z AVG "Flying Tigers", 2nd Sq
AVG_FS_3z AVG "Flying Tigers", 3rd Sq
USA_BG_003_BS_008z 8th BS, 3rd BG
USA_BG_003_BS_013z 13th BS, 3rd BG
USA_BG_003_BS_090z 90th BS, 3rd BG
USA_BG_003z 3rd BG
USA_BG_005z 5th BG
USA_BG_009_BS_001z 1st BS, 9th BG
USA_BG_009_BS_005z 5th BS, 9th BG
USA_BG_009_BS_099z 99th BS, 9th BG
USA_BG_011z 11th BG
USA_BG_019_BS_014z 14th BS, 19th BG
USA_BG_019_BS_028z 28th BS, 19th BG
USA_BG_019_BS_093z 93rd BS, 19th BG
USA_BG_019z 19th BG
USA_BG_022z 22nd BG
USA_BG_030_BS_030z 30th BS, 30th BG
USA_BG_042_BS_069z 69th BS, 42nd BG
USA_BG_042_BS_070z 70th BS, 42nd BG
USA_BG_042_BS_075z 75th BS, 42nd BG
USA_BG_042_BS_077z 77th BS, 42nd BG
USA_BG_042_BS_100z 100th BS, 42nd BG
USA_BG_042_BS_390z 390th BS, 42nd BG
USA_BG_043_BS_063z 63rd BS, 43rd BG
USA_BG_043z 43rd BG
USA_BG_058_BS_040z 40th BS, 58th BG
USA_BG_058_BS_444z 444th BS, 58th BG
USA_BG_058_BS_462z 462nd BS, 28th BG
USA_BG_058_BS_468z 468th BS, 58th BG
USA_BG_073_BS_497z 497th BS, 73rd BG
USA_BG_073_BS_498z 498th BS, 73rd BG
USA_BG_073_BS_499z 499th BS, 73rd BG
USA_BG_073_BS_500z 500th BS, 73rd BG
USA_BG_307z 307th BG
USA_BG_313_BS_006z 6th BS, 313th BG
USA_BG_313_BS_009z 9th BS, 313th BG
USA_BG_313_BS_504z 504th BS, 313th BG
USA_BG_313_BS_505z 505th BS, 313th BG
USA_BG_313_BS_509z 509th BS, 313th BG
USA_BG_314_BS_019z 19th BS, 314th BG
USA_BG_314_BS_029z 29th BS, 314th BG
USA_BG_314_BS_039z 39th BS, 314th BG
USA_BG_314_BS_330z 330th BS, 314th BG
USA_BG_315_BS_016z 16th BS, 315th BG
USA_BG_315_BS_331z 331st BS, 315th BG
USA_BG_315_BS_501z 501st BS, 315th BG
USA_BG_315_BS_502z 502nd BS, 315th BG
USA_BG_345_BS_498z 498th BS, 345th BG
USA_BG_345_BS_499z 499th BS, 345th BG
USA_BG_345_BS_500z 500th BS, 345th BG
USA_BG_345_BS_501z 501st BS, 345th BG
USA_BG_380z 380th BG
USA_BG_XXX_BS_019z 19th BS
USA_BG_XXX_BS_031z 31st BS
USA_BG_XXX_BS_042z 42nd BS
USA_BG_XXX_BS_069z 69th BS
USA_BG_XXX_BS_070z 70th BS
USA_BG_XXX_BS_072z 72nd BS
USA_BG_XXX_BS_073z 73rd BS
USA_BG_XXX_BS_075z 75th BS
USA_BG_XXX_BS_089z 89th BS
USA_BG_XXX_BS_092z 92nd BS
USA_BG_XXX_BS_349z 349th BS
USA_BG_XXX_BS_390z 390th BS
USA_BG_XXX_BS_394z 394th BS
USA_BG_XXX_BS_431z 431st BS
USA_FC_5z 5th Fighter Command
USA_FG_008_FS_030z 30th FS, 8th FG
USA_FG_008_FS_035z 35th FS, 8th FG
USA_FG_008_FS_036z 36th FS, 8th FG
USA_FG_008_FS_080z 80th FS, 8th FG
USA_FG_015_FS_012z 12th FS, 15th FG
USA_FG_015_FS_045z 45th FS, 15th FG
USA_FG_015_FS_046z 46th FS, 15th FG
USA_FG_015_FS_047z 47th FS, 15th FG
USA_FG_015_FS_048z 48th FS, 15th FG
USA_FG_018_FS_006z 6th FS, 18th FG
USA_FG_018_FS_012z 12th FS, 18th FG
USA_FG_018_FS_044z 44th FS, 18th FG
USA_FG_018_FS_070z 70th FS, 18th FG
USA_FG_018_FS_073z 73rd FS, 18th FG
USA_FG_018_FS_078z 78th FS, 18th FG
USA_FG_018_FS_333z 333rd FS, 18th FG
USA_FG_019_FS_019z 19th FS, 19th FG
USA_FG_021_FS_072z 72nd FS, 21st FG
USA_FG_021_FS_531z 531st FS, 21st FG
USA_FG_023_FS_074z 74th FS, 23rd FG
USA_FG_023_FS_075z 75th FS, 23rd FG
USA_FG_023_FS_076z 76th FS, 23rd FG
USA_FG_023_FS_118z 118th FS, 23rd FG
USA_FG_024_FS_003z 3rd FS, 24th FG
USA_FG_024_FS_017z 17th FS, 24th FG
USA_FG_024_FS_020z 20th FS, 24th FG
USA_FG_031_FS_039z 39th FS, 31st FG
USA_FG_031_FS_041z 41st FS, 31st FG
USA_FG_035_FS_039z 39th FS, 35th FG
USA_FG_035_FS_040z 40th FS, 35th FG
USA_FG_035_FS_041z 41st FS, 35th FG
USA_FG_049_FS_007z 7th FS, 49th FG
USA_FG_049_FS_008z 8th FS, 49th FG
USA_FG_049_FS_009z 9th FS, 49th FG
USA_FG_051_FS_016z 16th FS, 51st FG
USA_FG_051_FS_025z 25th FS, 51st FG
USA_FG_051_FS_026z 26th FS, 51st FG
USA_FG_051_FS_449z 449th FS, 51st FG
USA_FG_054_FS_042z 42nd FS, 54th FG
USA_FG_054_FS_056z 56th FS, 54th FG
USA_FG_054_FS_057z 57th FS, 54th FG
USA_FG_058_FS_069z 69th FS, 58th FG
USA_FG_058_FS_201z 201st FS, 58th FG
USA_FG_058_FS_310z 310th FS, 58th FG
USA_FG_058_FS_311z 311th FS, 58th FG
USA_FG_080_FS_459z 459th FS, 80th FG
USA_FG_318_FS_019z 19th FS, 318th FG
USA_FG_318_FS_072z 72nd FS, 318th FG
USA_FG_318_FS_073z 73rd FS, 318th FG
USA_FG_318_FS_333z 333rd FS, 318th FG
USA_FG_343_FS_011z 11th FS, 343rd FG
USA_FG_343_FS_018z 18th FS, 343rd FG
USA_FG_343_FS_054z 54th FS, 343rd FG
USA_FG_347_FS_067z 67th FS, 347th FG
USA_FG_347_FS_342z 342nd FS, 347th FG
USA_FG_348_FS_339z 339th FS, 348th FG
USA_FG_348_FS_340z 340th FS, 348th FG
USA_FG_348_FS_341z 341st FS, 348th FG
USA_FG_348_FS_342z 342nd FS, 348th FG
USA_FG_348_FS_460z 460th FS, 348th FG
USA_FG_475_FS_431z 431st FS, 475th FG
USA_FG_475_FS_432z 432nd FS, 475th FG
USA_FG_475_FS_433z 433rd FS, 475th FG
USA_FG_XXX_FS_013z 13th FS
USA_RS_017z 17th RS
USA_RS_022z 22nd RS
USA_RS_082z 82nd RS
USA_RS_110z 110th RS

B_8AF_034BG_004BS 4th BS, 34th BG, 8th AF
B_8AF_034BG_007BS 7th BS, 34th BG, 8th AF
B_8AF_034BG_018BS 18th BS, 34th BG, 8th AF
B_8AF_034BG_391BS 391st BS, 34th BG, 8th AF
B_8AF_091BG_322BS 322nd BS, 91st BG, 8th AF
B_8AF_091BG_323BS 323rd BS, 91st BG, 8th AF
B_8AF_091BG_324BS 324th BS, 91st BG, 8th AF
B_8AF_091BG_401BS 401st BS, 91st BG, 8th AF
B_8AF_092BG_325BS 325th BS, 92nd BG, 8th AF
B_8AF_092BG_326BS 326th BS, 92nd BG, 8th AF
B_8AF_092BG_327BS 327th BS, 92nd BG, 8th AF
B_8AF_092BG_407BS 407th BS, 92nd BG, 8th AF
B_8AF_094BG_331BS 331st BS, 94th BG, 8th AF
B_8AF_094BG_332BS 332nd BS, 94th BG, 8th AF
B_8AF_094BG_333BS 333rd BS, 94th BG, 8th AF
B_8AF_094BG_410BS 410th BS, 94th BG, 8th AF
B_8AF_095BG_334BS 334th BS, 95th BG, 8th AF
B_8AF_095BG_335BS 335th BS, 95th BG, 8th AF
B_8AF_095BG_336BS 336th BS, 95th BG, 8th AF
B_8AF_095BG_412BS 412th BS, 95th BG, 8th AF
B_8AF_096BG_337BS 337th BS, 96th BG, 8th AF
B_8AF_096BG_338BS 338th BS, 96th BG, 8th AF
B_8AF_096BG_339BS 339th BS, 96th BG, 8th AF
B_8AF_096BG_413BS 413th BS, 96th BG, 8th AF
B_8AF_100BG_349BS 349th BS, 100th BG, 8th AF
B_8AF_100BG_350BS 350th BS, 100th BG, 8th AF
B_8AF_100BG_351BS 351st BS, 100th BG, 8th AF
B_8AF_100BG_418BS 418th BS, 100th BG, 8th AF
B_8AF_303BG_358BS 358th BS, 303rd BG, 8th AF
B_8AF_303BG_359BS 359th BS, 303rd BG, 8th AF
B_8AF_303BG_360BS 360th BS, 303rd BG, 8th AF
B_8AF_303BG_427BS 427th BS, 303rd BG, 8th AF
B_8AF_305BG_364BS 364th BS, 305th BG, 8th AF
B_8AF_305BG_365BS 366th BS, 305th BG, 8th AF
B_8AF_305BG_366BS 412th BS, 305th BG, 8th AF
B_8AF_305BG_422BS 365th BS, 305th BG, 8th AF
B_8AF_306BG_367BS 367th BS, 306th BG, 8th AF
B_8AF_306BG_368BS 368th BS, 306th BG, 8th AF
B_8AF_306BG_369BS 369th BS, 306th BG, 8th AF
B_8AF_306BG_423BS 423rd BS, 306th BG, 8th AF
B_8AF_351BG_508BS 508th BS, 351st BG, 8th AF
B_8AF_351BG_509BS 509th BS, 351st BG, 8th AF
B_8AF_351BG_510BS 510th BS, 351st BG, 8th AF
B_8AF_351BG_511BS 511th BS, 351st BG, 8th AF
B_8AF_379BG_524BS 524th BS, 379th BG, 8th AF
B_8AF_379BG_525BS 525th BS, 379th BG, 8th AF
B_8AF_379BG_526BS 526th BS, 379th BG, 8th AF
B_8AF_379BG_527BS 527th BS, 379th BG, 8th AF
B_8AF_381BG_532BS 532nd BS, 381st BG, 8th AF
B_8AF_381BG_533BS 533rd BS, 381st BG, 8th AF
B_8AF_381BG_534BS 534th BS, 381st BG, 8th AF
B_8AF_381BG_535BS 535th BS, 381st BG, 8th AF
B_8AF_384BG_544BS 544th BS, 384th BG, 8th AF
B_8AF_384BG_545BS 545th BS, 384th BG, 8th AF
B_8AF_384BG_546BS 546th BS, 384th BG, 8th AF
B_8AF_384BG_547BS 547th BS, 384th BG, 8th AF
B_8AF_385BG_548BS 548th BS, 385th BG, 8th AF
B_8AF_385BG_549BS 549th BS, 385th BG, 8th AF
B_8AF_385BG_550BS 550th BS, 385th BG, 8th AF
B_8AF_385BG_551BS 551st BS, 385th BG, 8th AF
B_8AF_388BG_560BS 560th BS, 388th BG, 8th AF
B_8AF_388BG_561BS 561st BS, 388th BG, 8th AF
B_8AF_388BG_562BS 562nd BS, 388th BG, 8th AF
B_8AF_388BG_563BS 563rd BS, 388th BG, 8th AF
B_8AF_390BG_568BS 568th BS, 390th BG, 8th AF
B_8AF_390BG_569BS 569th BS, 390th BG, 8th AF
B_8AF_390BG_570BS 570th BS, 390th BG, 8th AF
B_8AF_390BG_571BS 571st BS, 390th BG, 8th AF
B_8AF_398BG_600BS 600th BS, 398th BG, 8th AF
B_8AF_398BG_601BS 601st BS, 398th BG, 8th AF
B_8AF_398BG_602BS 602nd BS, 398th BG, 8th AF
B_8AF_398BG_603BS 603rd BS, 398th BG, 8th AF
B_8AF_401BG_612BS 612th BS, 401st BG, 8th AF
B_8AF_401BG_613BS 613th BS, 401st BG, 8th AF
B_8AF_401BG_614BS 614th BS, 401st BG, 8th AF
B_8AF_401BG_615BS 615th BS, 401st BG, 8th AF
B_8AF_447BG_708BS 708th BS, 447th BG, 8th AF
B_8AF_447BG_709BS 709th BS, 447th BG, 8th AF
B_8AF_447BG_710BS 710th BS, 447th BG, 8th AF
B_8AF_447BG_711BS 711th BS, 447th BG, 8th AF
B_8AF_452BG_728BS 728th BS, 452nd BG, 8th AF
B_8AF_452BG_729BS 729th BS, 452nd BG, 8th AF
B_8AF_452BG_730BS 730th BS, 452nd BG, 8th AF
B_8AF_452BG_731BS 731st BS, 452nd BG, 8th AF
B_8AF_457BG_748BS 748th BS, 457th BG, 8th AF
B_8AF_457BG_749BS 749th BS, 457th BG, 8th AF
B_8AF_457BG_750BS 750th BS, 457th BG, 8th AF
B_8AF_457BG_751BS 751st BS, 457th BG, 8th AF
B_8AF_486BG_832BS 832nd BS, 486th BG, 8th AF
B_8AF_486BG_833BS 833rd BS, 486th BG, 8th AF
B_8AF_486BG_834BS 834th BS, 486th BG, 8th AF
B_8AF_486BG_835BS 835th BS, 486th BG, 8th AF
B_8AF_487BG_836BS 836th BS, 487th BG, 8th AF
B_8AF_487BG_837BS 837th BS, 487th BG, 8th AF
B_8AF_487BG_838BS 838th BS, 487th BG, 8th AF
B_8AF_487BG_839BS 839th BS, 487th BG, 8th AF
B_8AF_490BG_848BS 848th BS, 490th BG, 8th AF
B_8AF_490BG_849BS 849th BS, 490th BG, 8th AF
B_8AF_490BG_850BS 850th BS, 490th BG, 8th AF
B_8AF_490BG_851BS 851st BS, 490th BG, 8th AF
B_8AF_493BG_860BS 860th BS, 493rd BG, 8th AF
B_8AF_493BG_861BS 861st BS, 493rd BG, 8th AF
B_8AF_493BG_862BS 862nd BS, 493rd BG, 8th AF
B_8AF_493BG_863BS 863rd BS, 493rd BG, 8th AF

UM_NN US - Marine Corps

USMC_VMB_413z VMB-413, USMC
USMC_VMB_423z VMB-423, USMC
USMC_VMB_433z VMB-433, USMC
USMC_VMB_443z VMB-443, USMC
USMC_VMB_611z VMB-611, USMC
USMC_VMB_612z VMB-612, USMC
USMC_VMB_613z VMB-613, USMC
USMC_VMB_614z VMB-614, USMC
USMC_VMF_111z VMF-111, USMC
USMC_VMF_112z VMF-112 "Wolf Pack"
USMC_VMF_121z VMF-121, USMC
USMC_VMF_122z VMF-122, USMC
USMC_VMF_123z VMF-123, USMC
USMC_VMF_124z VMF-124, USMC
USMC_VMF_155z VMF-155, USMC
USMC_VMF_211z VMF-211, USMC
USMC_VMF_212z VMF-212, USMC
USMC_VMF_213z VMF-213, USMC
USMC_VMF_214z VMF-214 "Black Sheep"
USMC_VMF_215z VMF-215, USMC
USMC_VMF_216z VMF-216, USMC
USMC_VMF_217z VMF-217, USMC
USMC_VMF_218z VMF-218, USMC
USMC_VMF_221z VMF-221, USMC
USMC_VMF_222z VMF-222, USMC
USMC_VMF_223z VMF-223, USMC
USMC_VMF_225z VMF-225, USMC
USMC_VMF_311z VMF-311, USMC
USMC_VMF_312z VMF-312, USMC
USMC_VMF_314z VMF-314, USMC
USMC_VMF_321z VMF-321, USMC
USMC_VMF_322z VMF-322, USMC
USMC_VMF_323z VMF-323, USMC
USMC_VMF_324z VMF-324, USMC
USMC_VMF_351z VMF-351, USMC
USMC_VMF_422z VMF-422, USMC
USMC_VMF_441z VMF-441, USMC
USMC_VMF_461z VMF-461, USMC
USMC_VMF_462z VMF-462, USMC
USMC_VMF_471z VMF-471, USMC
USMC_VMF_481z VMF-481, USMC
USMC_VMF_511z VMF-511, USMC
USMC_VMF_512z VMF-512, USMC
USMC_VMF_513z VMF-513, USMC
USMC_VMF_521z VMF-521, USMC
USMC_VMF_522z VMF-522, USMC
USMC_VMF_523z VMF-523, USMC
USMC_VMF_524z VMF-524, USMC
USMC_VMO_155z VMO-155, USMC
USMC_VMO_251z VMO-251, USMC
USMC_VMSB_121z VMSB-121, USMC
USMC_VMSB_131z VMSB-131, USMC
USMC_VMSB_132z VMSB-132, USMC
USMC_VMSB_133z VMSB-133, USMC
USMC_VMSB_141z VMSB-141, USMC
USMC_VMSB_142z VMSB-142, USMC
USMC_VMSB_143z VMSB-143, USMC
USMC_VMSB_144z VMSB-144, USMC
USMC_VMSB_151z VMSB-151, USMC
USMC_VMSB_224z VMSB-224, USMC
USMC_VMSB_231z VMSB-231, USMC
USMC_VMSB_232z VMSB-232, USMC
USMC_VMSB_233z VMSB-233, USMC
USMC_VMSB_234z VMSB-234, USMC
USMC_VMSB_236z VMSB-236, USMC
USMC_VMSB_241z VMSB-241, USMC
USMC_VMSB_243z VMSB-243, USMC
USMC_VMSB_244z VMSB-244, USMC
USMC_VMSB_331z VMSB-331, USMC
USMC_VMSB_341z VMSB-341, USMC
USMC_VMSB_343z VMSB-343, USMC
USMC_VMTB_131z VMTB-131, USMC
USMC_VMTB_132z VMTB-132, USMC
USMC_VMTB_134z VMTB-134, USMC
USMC_VMTB_141z VMTB-141, USMC
USMC_VMTB_143z VMTB-143, USMC
USMC_VMTB_144z VMTB-144, USMC
USMC_VMTB_151z VMTB-151, USMC
USMC_VMTB_231z VMTB-231, USMC
USMC_VMTB_232z VMTB-232, USMC
USMC_VMTB_233z VMTB-233, USMC
USMC_VMTB_234z VMTB-234, USMC
USMC_VMTB_242z VMTB-242, USMC
USMC_VMTB_332z VMTB-332, USMC
USMC_VMTB_341z VMTB-341, USMC
USMC_VMTB_453z VMTB-453, USMC
USMC_VMTB_454z VMTB-454, USMC
USMC_VMTB_463z VMTB-463, USMC
USMC_VMTB_464z VMTB-464, USMC
USMC_VMTB_473z VMTB-473, USMC
USMC_VMTB_621z VMTB-621, USMC
USMC_VMTB_622z VMTB-622, USMC
USMC_VMTB_623z VMTB-623, USMC
USMC_VMTB_624z VMTB-624, USMC

UN_NN US - Navy

USN_VB_10A VB-10, USS Intrepid
USN_VB_11A VB-11, USS Hornet
USN_VB_15A VB-9, USS Essex CV-9
USN_VB_17A VB-17, USS Hornet
USN_VB_18A VB-18, USS Intrepid
USN_VB_19A VB-19, USS Intrepid
USN_VB_1A VB-1, USS Yorktown
USN_VB_2A VB-2, USS Hornet
USN_VB_2B VB-2, USS Lexington
USN_VB_3A VB-3, USS Yorktown
USN_VB_3B VB-3, USS Yorktown
USN_VB_4A VB-4, USS Essex CV-9
USN_VB_5A VB-5, USS Yorktown
USN_VB_5B VB-2, USS Yorktown
USN_VB_6Az VB-6, USS Intrepid
USN_VB_6B  VB-6, USS Enterprise
USN_VB_83A VB-83, USS Essex CV-9
USN_VB_88A VB-88, USS Yorktown
USN_VB_8A VT-2, VB-8, USS Hornet
USN_VB_9A VB-9, USS Essex CV-9
USN_VB_9Az VB-9, USS Yorktown
USN_VBF_19A VBF-19, USS Intrepid
USN_VBF_83A VBF-83, USS Essex
USN_VBF_88A VBF-88, USS Yorktown
USN_VF_10A VF-10 "Grim Reapers"
USN_VF_10B VF-10 "Grim Reapers"
USN_VF_11A VF-11 "Sundowners"
USN_VF_11Bz VF-11 "Sundowners"
USN_VF_12A VF-12, USS Randolph
USN_VF_12B VF-12, USS Saratoga
USN_VF_13A VF-13 "Black Cats"
USN_VF_14A VF-14 "Iron Angels"
USN_VF_15A VF-15 "Fighting Aces"
USN_VF_16A VF-16 "Fighting Airedales"
USN_VF_17Az VF-17 "Jolly Rogers"
USN_VF_18A  VF-18, USS Bunker Hill
USN_VF_18B  VF-18, USS Intrepid
USN_VF_19A VF-19 "Satan's Kittens"
USN_VF_1A  VF-1 "High Hatters"
USN_VF_20A VF-20, USS Enterprise
USN_VF_21A VF-21, USS Belleau Wood
USN_VF_21Bz VF-21
USN_VF_22A VF-22, USS Cowpens
USN_VF_23A VF-23, USS Cabot
USN_VF_26A VF-26, USS Princeton
USN_VF_27Az VF-27
USN_VF_29A VF-29, USS Cabot
USN_VF_2A VF-2 "Rippers"
USN_VF_2B VF-2 "Flying Chiefs"
USN_VF_30A VF-30, USS Belleau Wood
USN_VF_31A VF-31 "Meataxers"
USN_VF_32A VF-32 "Outlaw's Bandits"
USN_VF_33Az VF-33
USN_VF_3A VF-3 USS Yorktown
USN_VF_3B VF-3 USS Lexington
USN_VF_41A VF(N)-41, USS Independence
USN_VF_42A VF-42, USS Yorktown
USN_VF_44A VF-44 "Crusaders"
USN_VF_45A VF-45, USS San Jacinto
USN_VF_47A VF-47 "Fighting Cocks"
USN_VF_50A VF-50 "Devil Cats"
USN_VF_51A VF-51, USS San Jacinto
USN_VF_5A VF-5, USS Saratoga
USN_VF_5B VF-5, USS Yorktown
USN_VF_60A VF-14, USS Suwanee
USN_VF_6A VF-6
USN_VF_72A VF-15, USS Hornet
USN_VF_7A VF-7, USS Hancock
USN_VF_80A VF-80 "Vorse's Vipers"
USN_VF_82A VF-82, USS Bennington
USN_VF_83A VF-83 "Kangaroos"
USN_VF_84A VF-84 "Wolf Gang"
USN_VF_8A VF-8, USS Bunker Hill
USN_VF_8B VF-8, USS Hornet
USN_VF_9A VF-9 "Cat o'Nines"
USN_VFN_101A VFN-101, USS Intrepid
USN_VFN_77A VFN-77, USS Yorktown
USN_VFN_77B VFN-77, USS Essex CV-9
USN_VME_124A VME-124 USS Essex CV-9
USN_VME_213A VME-213, USS Essex CV-9
USN_VNF_76A VNF-76, USS Hornet
USN_VNF_76B VFN-76, USS Yorktown
USN_VS_2B VT-2, USS Lexington
USN_VS_3A VS-3, USS Yorktown
USN_VS_5B VT-2, USS Yorktown
USN_VS_6B VS-6, USS Enterprise
USN_VT_10A VT-10, USS Intrepid
USN_VT_11A VT-11, USS Hornet
USN_VT_15A VT-15, USS Essex CV-9
USN_VT_17A VT-17, USS Hornet
USN_VT_18A VT-18, USS Intrepid
USN_VT_19A VT-19, USS Intrepid
USN_VT_1A VT-1, USS Yorktown
USN_VT_2A VT-2, USS Hornet
USN_VT_2B VT-2, USS Lexington
USN_VT_3A VT-3, USS Yorktown CV-10
USN_VT_3B VT-3, USS Yorktown CV-5
USN_VT_4A VT-4, USS Essex CV-9
USN_VT_5A VT-5, USS Yorktown
USN_VT_5B VT-2, USS Yorktown
USN_VT_6A VT-6, USS Intrepid
USN_VT_6B VT-6, USS Enterprise
USN_VT_83A VT-83, USS Essex CV-9
USN_VT_88A VT-88, USS Yorktown
USN_VT_8A VB-11, USS Hornet
USN_VT_9A VT-9, USS Yorktown
USN_VT_9B VT-9, USS Essex CV-9

g01          Deutsche Luftwaffe

I_JG1        I/JG 1
II_JG1       II/JG 1
III_JG1      III/JG 1
1_JG1_       1./JG 1
3_JG1_       3./JG 1
I_JG2        I/JG 2
II_JG2       II/JG 2
III_JG2      III/JG 2
I_JG3        I/JG 3
II_JG3       II/JG 3
III_JG3      III/JG 3
IV_JG3       IV(Sturm)/JG 3
I_SG4        I/SG 4
II_JG4       II/JG 4
I_JG5        I/JG 5
II_JG5       II/JG 5
III_JG5      III/JG 5
5_JG5        5./JG 5
7_JG5        7./JG 5
8_JG5        8./JG 5
13z_JG5      13.(Z)/JG 5
14Jabo_JG5   14.(Jabo)/JG 5
I_JG7_       I/JG 7
II_JG7_      II/JG 7
III_JG7_     III/JG 7
IV_JG7_      IV/JG 7
Stab_JG7_    Stab/JG 7
III_JG1_1     III/JG 11
Stab_JG11    Stab/JG 11
I_JG26       I/JG 26
7_JG26       7./JG26 (Malta)
Erg_JG26     Erg.Gr./JG 26
Stab_JG26    Stab/JG 26
I_JG27       I/JG 27
II_JG27      II/JG 27
III_JG27     III/JG 27
IV_JG27      IV/JG 27
Stab_JG27    Stab/JG 27
I_JG5_0      I/JG 50
I_JG5_1      I/JG 51
II_JG5_1      II/JG 51
III_JG5_1     III/JG 51
Stab_JG51    Stab/JG 51
15JG51      15/JG51
I_JG5_2      I/JG 52
II_JG5_2      II/JG 52
III_JG5_2     III/JG 52
Stab_JG52    Stab/JG 52
4_JG52       4./JG 52
I_JG5_3      I/JG 53
II_JG5_3      II/JG 53
III_JG5_3     III/JG 53
Stab_JG53    Stab/JG 53
I_JG54       I/JG 54
II_JG54      II/JG 54
III_JG54     III/JG 54
IV_JG54      IV/JG 54
Stab_JG54    Stab/JG 54
I_JG77       I/JG 77
II_JG77      II/JG 77
III_JG77     III/JG 77
Stab_JG77    Stab/JG 77
4_JG77       4./JG 77
I_JG300_     I/JG 300
II_JG300_    II/JG 300
III_JG300_   III/JG 300
IV_JG300_    IV/JG 300
Stab_JG300_  Stab/JG 300
I_JG301_     I/JG 301
II_JG301_    II/JG 301
III_JG301_   III/JG 301
IV_JG301_    IV/JG 301
Stab_JG301_  Stab/JG 301
1_JG400_     1./JG 400
2_JG400_     2./JG 400
7_JG400_     7./JG 400

Stab_SG3_    Stab/SG 3
I_SG3_       I/SG 3
II_SG3_      II/SG 3
III_SG3_     III/SG 3
10Pz_SG3_    10.(Pz)/SG 3

I_EJG2_      I/EJG 2

Jv44_        Jv 44

I_KG1        I/KG 1
II_KG1       II/KG 1
III_KG1      III/KG 1
Stab_KG1     Stab/KG 1
I_KG3        I/KG 3
II_KG3       II/KG 3
III_KG3      III/KG 3
Stab_KG3     Stab/KG 3
I_KG26       I/KG 26
II_KG26      II/KG 26
III_KG26     III/KG 26
Stab_KG26    Stab/KG 26
I_KG27a       I/KG 27
II_KG27a      II/KG 27
III_KG27a     III/KG 27
Stab_KG27a    Stab/KG 27
I_KG3_0       I/KG 30
II_KG3_0      II/KG 30
III_KG3_0     III/KG 30
Stab_KG3_0    Stab/KG 30
I_KG40       I/KG 40
I_KG51a       I/KG 51
II_KG51a      II/KG 51
III_KG51a     III/KG 51
Stab_KG51a    Stab/KG 51
I_KG53a       I/KG 53
II_KG53a      II/KG 53
III_KG53a     III/KG 53
Stab_KG53a    Stab/KG 53
I_KG54        I/KG 54 (Malta)
Stab_KG55a    Stab/KG 55
II_KG77       II/KG 77 (Malta)
III_KG77      III/KG 77 (Malta)
I_KG100a      I/KG 100
I_KG200_      I/KG 200
II_KG200_     II/KG 200
Kgr606        Kampfgruppe 606 (Malta)
Kgr806        Kampfgruppe 806 (Malta)

I_StGOne     I/St.G 1
II_StGOne    II/St.G 1
I_StG2       I/St.G 2
II_StG2      II/St.G 2
III_StG2     III/St.G 2
IV_StG2      IV/St.G 2
Stab_StG2    Stab/St.G 2
4_StG2       4./St.G 2
10.(Pz)SG2   10.(Pz)/SG2
I_StG77a      I/St.G 77
II_StG77a     II/St.G 77
III_StG77a    III/St.G 77
Stab_StG77a   Stab/St.G 77
StG163       St.G 163

AufklGr10a    Aufkl.Gr.10
1F_22        1.(F)/22
2F_22        2.(F)/22
3F_22        3.(F)/22
1H_31a        1.(H)/31
2H_31a        2.(H)/31
3F_31a        3.(F)/31

II_LG1       II/LG 1 (Malta)
IV_LG1       IV(Stuka)/LG 1
I_LG2        I/LG 2
I_KGrzbV1a    I/KGrzbV1
II_KGrzbV1a   II/KGrzbV1
Stab_KGrzbV9a Stab/KGrzbV9
KGrzbV102a    KGrzbV102

bg01          Bulgarien

hr01          Kroatien

2LJ_ZNDH  2. Lova\u010Dko jato ZNDH
ZNDH Zra\u010Dne snage NDH

rb01          Russische Befreihungs Armee

sp01          Nationalistisches Spanien

Escuadron5    5° Escuadron de Caza
sp05          Grupo 5-G-5
sp06          Grupo 22
sp07          Grupo 26

K_88          K/88 KampfGruppe der "Legion Condor"
J_88          J/88 JagdGruppe der "Legion Condor"
AS_88         AS/88 Meeraufklaerungsstaffel der "Legion Condor"
A_88          A/88 Aufklaerungsstaffel der "Legion Condor"
VJ_88         VJ/88 Versuchsjagdstaffel der "Legion Condor"
VB_88         VB/88 Versuchskampfstaffel der "Legion Condor"

vb01          Gro\u00dfbritanien

blue_30thSqn     30th Squadron RAF

blue_302WX       No. 302 (Polish) Sqn 'Poznanski'
blue_303RF       No. 303 (Polish) Sqn 'Kosciuszkowski'
blue_306UZ       No. 306 (Polish) Sqn 'Torunski'
blue_308ZF       No. 308 (Polish) Sqn 'Krakowski'
blue_309WC       No. 309 (Polish) Sqn 'Czerwienski'
blue_315PK       No. 315 (Polish) Sqn 'Deblinski'
blue_316SZ       No. 316 (Polish) Sqn 'Warszawski'
blue_317JH       No. 317 (Polish) Sqn 'Wilenski'
blue_318LW       No. 318 (Polish) Sqn 'Gdanski'

blue_113Squadron        113 Squadron RAF
blue_113Squadronfe      113 Squadron (1945) RAF
blue_117Squadrontc      117 Squadron (Transport) RAF
blue_11Squadronearly    11 Squadron (early) RAF
blue_11Squadronfe       11 Squadron (Far East) RAF
blue_11Squadronlate     11 Squadron (late) RAF
blue_123Squadronfe      123 Squadron (Far East) RAF
blue_131Squadron        131 Squadron RAF
blue_134Squadronfe      134 Squadron (Far East) RAF
blue_134Squadronussr    134 Squadron (in USSR) RAF
blue_135Squadronfe      135 Squadron (Far East) RAF
blue_136Squadronfe      136 Squadron (Far East) RAF
blue_146Squadron        146 Squadron RAF
blue_155Squadronearly   155 Squadron (pre Jan-1944) RAF
blue_176Squadron        176 Squadron RAF
blue_177Squadron        177 Squadron RAF
blue_17Squadron         17 Squadron RAF
blue_185Squadron        185 Squadron RAF
blue_191Squadronmaritime    191 Squadron (Maritime) RAF
blue_194Squadrontc          194 Squadron (Transport) RAF
blue_205Squadronmaritime    205 Squadron (Maritime) RAF
blue_205Squadronmaritimenc  205 Squadron (Maritime - No Codes) RAF
blue_209Squadronmaritimefe  202 Squadron (Maritime - Apr 1942-45) RAF
blue_20Squadron             20 Squadron RAF
blue_20Squadronac           20 Squadron (Army Co-Op) RAF
blue_211Squadron            211 Squadron (Bomber) RAF
blue_211Squadronmid         211 Squadron RAF
blue_212Squadronmaritime    212 Squadron (Maritime) RAF
blue_215Squadrontc          215 Squadron (Transport) RAF
blue_216Squadrontc          216 Squadron (Transport) RAF
blue_217Squadronlate        217 Squadron (Far East) RAF
blue_22Squadron             22 Squadron RAF
blue_232Squadron            232 Squadron RAF
blue_233Squadrontc          233 Squadron (Transport) RAF
blue_238Squadrontc          238 Squadron (Transport) RAF
blue_240Squadronmaritime    240 Squadron (Maritime) RAF
blue_240Squadronmaritimefe  240 Squadron (Maritime - post Jun-1942) RAF
blue_240Squadronmaritimeuk  240 Squadron (Maritime - pre Jun-1942) RAF
blue_242Squadronfe          242 Squadron RAF
blue_243Squadron            243 Squadron RAF
blue_243Squadrontc          243 Squadron (Transport) RAF
blue_258Squadronlate        258 Squadron (mid 1944-45) RAF
blue_258Squadronmid         258 Squadron (Far East 1942-44) RAF
blue_259Squadronmaritime    259 Squadron (Maritime) RAF
blue_261Squadronfe          261 Squadron (Far East) RAF
blue_262Squadronmaritime    262 Squadron (Maritime) RAF
blue_265Squadronmaritime    265 Squadron (Maritime) RAF
blue_267Squadrontc          267 Squadron (Transport) RAF
blue_273Squadronlate        273 Squadron RAF
blue_27Squadron             27 Squadron RAF
blue_27Squadronearly        27 Squadron (Far East) RAF
blue_28Squadron             28 Squadron RAF
blue_31Squadrontc           31 Squadron (Transport) RAF
blue_34Squadronbc           34 Squadron (Bombers 1941-43) RAF
blue_34Squadronfc           34 Squadron (Fighters 1943-45) RAF
blue_42Squadron             42 Squadron RAF
blue_45Squadron             45 Squadron RAF
blue_47Squadron             47 Squadron RAF
blue_48Squadrontc           48 Squadron (Transport) RAF
blue_52Squadrontc           52 Squadron (Transport) RAF
blue_5Squadron              5 Squadron RAF
blue_5Squadronearly         5 Squadron (No codes) RAF
blue_605Squadronfe          605 Squadron (Far East) RAF
blue_607Squadronfe          607 Squadron (Far East) RAF
blue_60Squadron             60 Squadron RAF
blue_615Squadron            615 Squadron "County of Surrey" RAF
blue_628Squadronmaritime    628 Squadron (Maritime) RAF
blue_62Squadron             62 Squadron RAF
blue_62Squadrontc           62 Squadron (Transport) RAF
blue_67Squadron             67 Squadron RAF
blue_681Squadron            681 Squadron (PRU) RAF
blue_684Squadron            684 Squadron (PRU) RAF
blue_74Squadronearly        74 Squadron "Trinidad" RAF
blue_76Squadrontc           76 Squadron (Transport) RAF
blue_79Squadron             79 Squadron "Madras Presidency" RAF
blue_81Squadron             81 Squadron RAF
blue_81Squadronussr         81 Squadron (in USSR) RAF
blue_82Squadron             82 Squadron "United Provinces" RAF
blue_84Squadron             84 Squadron RAF
blue_89Squadron             89 Squadron RAF
blue_96Squadrontc           96 Squadron (Transport) RAF

blue_413Squadronmaritime    413 Squadron (Maritime) (RCAF)
blue_413Squadronmaritimenc  413 Squadron (Maritime - No Codes) (RCAF)
blue_435Squadrontc          435 Squadron (Transport) (RCAF)
blue_436Squadrontc          436 Squadron (Transport) (RCAF)

ar01          Argentinische Luftwaffe

eg01          \u00c4gyptische Luftwaffe

ik01          Irakische Rebellen

pa01          Paraguayische Luftwaffe

tk01          T\u00FCrkische Luftwaffe

sw01          Schweden

11Flottilj    11 Flottilj
16Flottilj    16 Flottilj

ee01          Estland

lv01          Lettland

lt01          Litauen

co01          Columbianische Luftwaffe

sy01          syrische Luftwaffe

ia01          Italienische Republik

ANR01         Nucleo Comando, 1°GC ANR
ANR02         1a Sq, 1°GC ANR
ANR03         2a Sq, 1°GC ANR
ANR04         3a Sq, 1°GC ANR
ANR05         Nucleo Comando, 2°GC ANR
ANR06         4a Sq, 2°GC ANR
ANR07         5a Sq, 2°GC ANR
ANR08         6a Sq, 2°GC ANR

pk01          Pakistanische Luftwaffe

na01          US-Army

blue_15AF_31FG_307FS         307th FS, 31st FG, 15th AF
blue_15AF_31FG_308FS         308th FS, 31st FG, 15th AF
blue_15AF_31FG_309FS         309th FS, 31st FG, 15th AF
blue_15AF_325FG_0HQ          325th FG, 15th AF
blue_15AF_325FG_317FS        317th FS, 325th FG, 15th AF
blue_15AF_325FG_318FS        318th FS, 325th FG, 15th AF
blue_15AF_325FG_319FS        319th FS, 325th FG, 15th AF
blue_15AF_332FG_099FS        332nd FS, 99th FG, 15th AF
blue_15AF_332FG_100FS        332nd FS, 100th FG, 15th AF
blue_15AF_332FG_301FS        332nd FS, 301st FG, 15th AF
blue_15AF_332FG_302FS        332nd FS, 302nd FG, 15th AF
blue_8AF_004FG_0HQ           4th FG, 8th AF
blue_8AF_004FG_334FS         334th FS, 4th FG, 8th AF
blue_8AF_004FG_335FS         335th FS, 4th FG, 8th AF
blue_8AF_004FG_336FS         336th FS, 4th FG, 8th AF
blue_8AF_020FG_55FS          55th FS, 20th FG, 8th AF
blue_8AF_020FG_77FS          77th FS, 20th FG, 8th AF
blue_8AF_020FG_79FS          79th FS, 20th FG, 8th AF
blue_8AF_055FG_338FS         338th FS, 55th FG, 8th AF
blue_8AF_055FG_343FS         343rd FS, 55th FG, 8th AF
blue_8AF_055FG_38FS          38th FS, 55th FG, 8th AF
blue_8AF_056FG_0HQ           56th FG, 8th AF
blue_8AF_056FG_61FS          61st FS, 56th FG, 8th AF
blue_8AF_056FG_62FS          62nd FS, 56th FG, 8th AF
blue_8AF_056FG_63FS          63rd FS, 56th FG, 8th AF
blue_8AF_078FG_82FS          82nd FS, 78th FG, 8th AF
blue_8AF_078FG_83FS          83rd FS, 78th FG, 8th AF
blue_8AF_078FG_84FS          84th FS, 78th FG, 8th AF
blue_8AF_339FG_503FS         503rd FS, 339th FG, 8th AF
blue_8AF_339FG_504FS         505th FS, 339th FG, 8th AF
blue_8AF_339FG_505FS         504th FS, 339th FG, 8th AF
blue_8AF_352FG_328FS         328th FS, 352nd FG, 8th AF
blue_8AF_352FG_486FS         486th FS, 352nd FG, 8th AF
blue_8AF_352FG_487FS         487th FS, 352nd FG, 8th AF
blue_8AF_353FG_0HQ           353rd FG, 8th AF
blue_8AF_353FG_350FS         350th FS, 353rd FG, 8th AF
blue_8AF_353FG_351FS         351st FS, 353rd FG, 8th AF
blue_8AF_353FG_352FS         352nd FS, 353rd FG, 8th AF
blue_8AF_355FG_354FS         355th FS, 354th FG, 8th AF
blue_8AF_355FG_357FS         355th FS, 357th FG, 8th AF
blue_8AF_355FG_358FS         355th FS, 358th FG, 8th AF
blue_8AF_356FG_359FS         356th FS, 359th FG, 8th AF
blue_8AF_356FG_360FS         356th FS, 360th FG, 8th AF
blue_8AF_356FG_361FS         356th FS, 361st FG, 8th AF
blue_8AF_357FG_362FS         362nd FS, 357th FG, 8th AF
blue_8AF_357FG_363FS         363rd FS, 357th FG, 8th AF
blue_8AF_357FG_364FS         364th FS, 357th FG, 8th AF
blue_8AF_359FG_368FS         368th FS, 359th FG, 8th AF
blue_8AF_359FG_369FS         370th FS, 359th FG, 8th AF
blue_8AF_359FG_370FS         370th FS, 359th FG, 8th AF
blue_8AF_361FG_374FS         374th FS, 361st FG, 8th AF
blue_8AF_361FG_375FS         375th FS, 361st FG, 8th AF
blue_8AF_361FG_376FS         376th FS, 361st FG, 8th AF
blue_8AF_364FG_383FS         383rd FS, 364th FG, 8th AF
blue_8AF_364FG_384FS         384th FS, 364st FG, 8th AF
blue_8AF_364FG_385FS         385th FS, 364st FG, 8th AF
blue_8AF_479FG_434FS         434th FS, 479th FG, 8th AF
blue_8AF_479FG_435FS         435th FS, 479th FG, 8th AF
blue_8AF_479FG_436FS         436th FS, 479th FG, 8th AF
blue_9AF_036FG_22FS          22nd FS, 36th FG, 9th AF
blue_9AF_036FG_23FS          23rd FS, 36th FG, 9th AF
blue_9AF_036FG_53FS          53rd FS, 36th FG, 9th AF
blue_9AF_048FG_492FS         492nd FS, 48th FG, 9th AF
blue_9AF_048FG_493FS         493rd FS, 48th FG, 9th AF
blue_9AF_048FG_494FS         494th FS, 48th FG, 9th AF
blue_9AF_354FG_353FS         353rd FS, 354th FG, 9th AF
blue_9AF_354FG_355FS         355th FS, 354th FG, 9th AF
blue_9AF_354FG_356FS         356th FS, 354th FG, 9th AF
blue_9AF_362FG_377FS         377th FS, 362nd FG, 9th AF
blue_9AF_362FG_378FS         378th FS, 362nd FG, 9th AF
blue_9AF_362FG_379FS         379th FS, 362nd FG, 9th AF
blue_9AF_365FG_386FS         386th FS, 365th FG, 9th AF
blue_9AF_365FG_387FS         387th FS, 365th FG, 9th AF
blue_9AF_365FG_388FS         388th FS, 365th FG, 9th AF
blue_9AF_404FG_506FS         506th FS, 404th FG, 9th AF
blue_9AF_404FG_507FS         507th FS, 404th FG, 9th AF
blue_9AF_404FG_508FS         508th FS, 404th FG, 9th AF
blue_RAF_No001SQN    No. 1 Sqn
blue_RAF_No003SQN    No. 3 Sqn
blue_RAF_No033SQN    No. 33 Sqn
blue_RAF_No071SQN    No. 71 (USA) Sqn
blue_RAF_No081SQN    No. 81 Sqn
blue_RAF_No087SQN    No. 87 Sqn
blue_RAF_No091SQN    No. 91 Sqn
blue_RAF_No112SQN    No. 112 Sqn
blue_RAF_No134SQN    No. 134 Sqn
blue_RAF_No303SQN    No. 303 (Polish) Sqn
blue_RAF_No310SQN    No. 310 (Cz.) Sqn
blue_RAF_No312SQN    No. 312 (Cz.) Sqn
blue_RAF_No320SQN    No. 320 (Netherlands) Sqn
blue_RAF_No326SQN    No. 321 (Fr.) Sqn
blue_RAF_No331SQN    No. 331 (Norway) Sqn
blue_RAF_No340SQN    No. 340 (Fr.) Sqn
blue_RAF_No486SQN    No. 486 Sqn RNZAF
blue_RAF_No501SQN    No. 501 Sqn
blue_RAF_No601SQN    No. 602 Sqn

blue_AVG_FS_1z AVG "Flying Tigers", 1st Sq
blue_AVG_FS_2z AVG "Flying Tigers", 2nd Sq
blue_AVG_FS_3z AVG "Flying Tigers", 3rd Sq
blue_USA_BG_003_BS_008z 8th BS, 3rd BG
blue_USA_BG_003_BS_013z 13th BS, 3rd BG
blue_USA_BG_003_BS_090z 90th BS, 3rd BG
blue_USA_BG_003z 3rd BG
blue_USA_BG_005z 5th BG
blue_USA_BG_009_BS_001z 1st BS, 9th BG
blue_USA_BG_009_BS_005z 5th BS, 9th BG
blue_USA_BG_009_BS_099z 99th BS, 9th BG
blue_USA_BG_011z 11th BG
blue_USA_BG_019_BS_014z 14th BS, 19th BG
blue_USA_BG_019_BS_028z 28th BS, 19th BG
blue_USA_BG_019_BS_093z 93rd BS, 19th BG
blue_USA_BG_019z 19th BG
blue_USA_BG_022z 22nd BG
blue_USA_BG_030_BS_030z 30th BS, 30th BG
blue_USA_BG_042_BS_069z 69th BS, 42nd BG
blue_USA_BG_042_BS_070z 70th BS, 42nd BG
blue_USA_BG_042_BS_075z 75th BS, 42nd BG
blue_USA_BG_042_BS_077z 77th BS, 42nd BG
blue_USA_BG_042_BS_100z 100th BS, 42nd BG
blue_USA_BG_042_BS_390z 390th BS, 42nd BG
blue_USA_BG_043_BS_063z 63rd BS, 43rd BG
blue_USA_BG_043z 43rd BG
blue_USA_BG_058_BS_040z 40th BS, 58th BG
blue_USA_BG_058_BS_444z 444th BS, 58th BG
blue_USA_BG_058_BS_462z 462nd BS, 28th BG
blue_USA_BG_058_BS_468z 468th BS, 58th BG
blue_USA_BG_073_BS_497z 497th BS, 73rd BG
blue_USA_BG_073_BS_498z 498th BS, 73rd BG
blue_USA_BG_073_BS_499z 499th BS, 73rd BG
blue_USA_BG_073_BS_500z 500th BS, 73rd BG
blue_USA_BG_307z 307th BG
blue_USA_BG_313_BS_006z 6th BS, 313th BG
blue_USA_BG_313_BS_009z 9th BS, 313th BG
blue_USA_BG_313_BS_504z 504th BS, 313th BG
blue_USA_BG_313_BS_505z 505th BS, 313th BG
blue_USA_BG_313_BS_509z 509th BS, 313th BG
blue_USA_BG_314_BS_019z 19th BS, 314th BG
blue_USA_BG_314_BS_029z 29th BS, 314th BG
blue_USA_BG_314_BS_039z 39th BS, 314th BG
blue_USA_BG_314_BS_330z 330th BS, 314th BG
blue_USA_BG_315_BS_016z 16th BS, 315th BG
blue_USA_BG_315_BS_331z 331st BS, 315th BG
blue_USA_BG_315_BS_501z 501st BS, 315th BG
blue_USA_BG_315_BS_502z 502nd BS, 315th BG
blue_USA_BG_345_BS_498z 498th BS, 345th BG
blue_USA_BG_345_BS_499z 499th BS, 345th BG
blue_USA_BG_345_BS_500z 500th BS, 345th BG
blue_USA_BG_345_BS_501z 501st BS, 345th BG
blue_USA_BG_380z 380th BG
blue_USA_BG_XXX_BS_019z 19th BS
blue_USA_BG_XXX_BS_031z 31st BS
blue_USA_BG_XXX_BS_042z 42nd BS
blue_USA_BG_XXX_BS_069z 69th BS
blue_USA_BG_XXX_BS_070z 70th BS
blue_USA_BG_XXX_BS_072z 72nd BS
blue_USA_BG_XXX_BS_073z 73rd BS
blue_USA_BG_XXX_BS_075z 75th BS
blue_USA_BG_XXX_BS_089z 89th BS
blue_USA_BG_XXX_BS_092z 92nd BS
blue_USA_BG_XXX_BS_349z 349th BS
blue_USA_BG_XXX_BS_390z 390th BS
blue_USA_BG_XXX_BS_394z 394th BS
blue_USA_BG_XXX_BS_431z 431st BS
blue_USA_FC_5z 5th Fighter Command
blue_USA_FG_008_FS_030z 30th FS, 8th FG
blue_USA_FG_008_FS_035z 35th FS, 8th FG
blue_USA_FG_008_FS_036z 36th FS, 8th FG
blue_USA_FG_008_FS_080z 80th FS, 8th FG
blue_USA_FG_015_FS_012z 12th FS, 15th FG
blue_USA_FG_015_FS_045z 45th FS, 15th FG
blue_USA_FG_015_FS_046z 46th FS, 15th FG
blue_USA_FG_015_FS_047z 47th FS, 15th FG
blue_USA_FG_015_FS_048z 48th FS, 15th FG
blue_USA_FG_018_FS_006z 6th FS, 18th FG
blue_USA_FG_018_FS_012z 12th FS, 18th FG
blue_USA_FG_018_FS_044z 44th FS, 18th FG
blue_USA_FG_018_FS_070z 70th FS, 18th FG
blue_USA_FG_018_FS_073z 73rd FS, 18th FG
blue_USA_FG_018_FS_078z 78th FS, 18th FG
blue_USA_FG_018_FS_333z 333rd FS, 18th FG
blue_USA_FG_019_FS_019z 19th FS, 19th FG
blue_USA_FG_021_FS_072z 72nd FS, 21st FG
blue_USA_FG_021_FS_531z 531st FS, 21st FG
blue_USA_FG_023_FS_074z 74th FS, 23rd FG
blue_USA_FG_023_FS_075z 75th FS, 23rd FG
blue_USA_FG_023_FS_076z 76th FS, 23rd FG
blue_USA_FG_023_FS_118z 118th FS, 23rd FG
blue_USA_FG_024_FS_003z 3rd FS, 24th FG
blue_USA_FG_024_FS_017z 17th FS, 24th FG
blue_USA_FG_024_FS_020z 20th FS, 24th FG
blue_USA_FG_031_FS_039z 39th FS, 31st FG
blue_USA_FG_031_FS_041z 41st FS, 31st FG
blue_USA_FG_035_FS_039z 39th FS, 35th FG
blue_USA_FG_035_FS_040z 40th FS, 35th FG
blue_USA_FG_035_FS_041z 41st FS, 35th FG
blue_USA_FG_049_FS_007z 7th FS, 49th FG
blue_USA_FG_049_FS_008z 8th FS, 49th FG
blue_USA_FG_049_FS_009z 9th FS, 49th FG
blue_USA_FG_051_FS_016z 16th FS, 51st FG
blue_USA_FG_051_FS_025z 25th FS, 51st FG
blue_USA_FG_051_FS_026z 26th FS, 51st FG
blue_USA_FG_051_FS_449z 449th FS, 51st FG
blue_USA_FG_054_FS_042z 42nd FS, 54th FG
blue_USA_FG_054_FS_056z 56th FS, 54th FG
blue_USA_FG_054_FS_057z 57th FS, 54th FG
blue_USA_FG_058_FS_069z 69th FS, 58th FG
blue_USA_FG_058_FS_201z 201st FS, 58th FG
blue_USA_FG_058_FS_310z 310th FS, 58th FG
blue_USA_FG_058_FS_311z 311th FS, 58th FG
blue_USA_FG_080_FS_459z 459th FS, 80th FG
blue_USA_FG_318_FS_019z 19th FS, 318th FG
blue_USA_FG_318_FS_072z 72nd FS, 318th FG
blue_USA_FG_318_FS_073z 73rd FS, 318th FG
blue_USA_FG_318_FS_333z 333rd FS, 318th FG
blue_USA_FG_343_FS_011z 11th FS, 343rd FG
blue_USA_FG_343_FS_018z 18th FS, 343rd FG
blue_USA_FG_343_FS_054z 54th FS, 343rd FG
blue_USA_FG_347_FS_067z 67th FS, 347th FG
blue_USA_FG_347_FS_342z 342nd FS, 347th FG
blue_USA_FG_348_FS_339z 339th FS, 348th FG
blue_USA_FG_348_FS_340z 340th FS, 348th FG
blue_USA_FG_348_FS_341z 341st FS, 348th FG
blue_USA_FG_348_FS_342z 342nd FS, 348th FG
blue_USA_FG_348_FS_460z 460th FS, 348th FG
blue_USA_FG_475_FS_431z 431st FS, 475th FG
blue_USA_FG_475_FS_432z 432nd FS, 475th FG
blue_USA_FG_475_FS_433z 433rd FS, 475th FG
blue_USA_FG_XXX_FS_013z 13th FS
blue_USA_RS_017z 17th RS
blue_USA_RS_022z 22nd RS
blue_USA_RS_082z 82nd RS
blue_USA_RS_110z 110th RS

blue_B_8AF_034BG_004BS 4th BS, 34th BG, 8th AF
blue_B_8AF_034BG_007BS 7th BS, 34th BG, 8th AF
blue_B_8AF_034BG_018BS 18th BS, 34th BG, 8th AF
blue_B_8AF_034BG_391BS 391st BS, 34th BG, 8th AF
blue_B_8AF_091BG_322BS 322nd BS, 91st BG, 8th AF
blue_B_8AF_091BG_323BS 323rd BS, 91st BG, 8th AF
blue_B_8AF_091BG_324BS 324th BS, 91st BG, 8th AF
blue_B_8AF_091BG_401BS 401st BS, 91st BG, 8th AF
blue_B_8AF_092BG_325BS 325th BS, 92nd BG, 8th AF
blue_B_8AF_092BG_326BS 326th BS, 92nd BG, 8th AF
blue_B_8AF_092BG_327BS 327th BS, 92nd BG, 8th AF
blue_B_8AF_092BG_407BS 407th BS, 92nd BG, 8th AF
blue_B_8AF_094BG_331BS 331st BS, 94th BG, 8th AF
blue_B_8AF_094BG_332BS 332nd BS, 94th BG, 8th AF
blue_B_8AF_094BG_333BS 333rd BS, 94th BG, 8th AF
blue_B_8AF_094BG_410BS 410th BS, 94th BG, 8th AF
blue_B_8AF_095BG_334BS 334th BS, 95th BG, 8th AF
blue_B_8AF_095BG_335BS 335th BS, 95th BG, 8th AF
blue_B_8AF_095BG_336BS 336th BS, 95th BG, 8th AF
blue_B_8AF_095BG_412BS 412th BS, 95th BG, 8th AF
blue_B_8AF_096BG_337BS 337th BS, 96th BG, 8th AF
blue_B_8AF_096BG_338BS 338th BS, 96th BG, 8th AF
blue_B_8AF_096BG_339BS 339th BS, 96th BG, 8th AF
blue_B_8AF_096BG_413BS 413th BS, 96th BG, 8th AF
blue_B_8AF_100BG_349BS 349th BS, 100th BG, 8th AF
blue_B_8AF_100BG_350BS 350th BS, 100th BG, 8th AF
blue_B_8AF_100BG_351BS 351st BS, 100th BG, 8th AF
blue_B_8AF_100BG_418BS 418th BS, 100th BG, 8th AF
blue_B_8AF_303BG_358BS 358th BS, 303rd BG, 8th AF
blue_B_8AF_303BG_359BS 359th BS, 303rd BG, 8th AF
blue_B_8AF_303BG_360BS 360th BS, 303rd BG, 8th AF
blue_B_8AF_303BG_427BS 427th BS, 303rd BG, 8th AF
blue_B_8AF_305BG_364BS 364th BS, 305th BG, 8th AF
blue_B_8AF_305BG_365BS 366th BS, 305th BG, 8th AF
blue_B_8AF_305BG_366BS 412th BS, 305th BG, 8th AF
blue_B_8AF_305BG_422BS 365th BS, 305th BG, 8th AF
blue_B_8AF_306BG_367BS 367th BS, 306th BG, 8th AF
blue_B_8AF_306BG_368BS 368th BS, 306th BG, 8th AF
blue_B_8AF_306BG_369BS 369th BS, 306th BG, 8th AF
blue_B_8AF_306BG_423BS 423rd BS, 306th BG, 8th AF
blue_B_8AF_351BG_508BS 508th BS, 351st BG, 8th AF
blue_B_8AF_351BG_509BS 509th BS, 351st BG, 8th AF
blue_B_8AF_351BG_510BS 510th BS, 351st BG, 8th AF
blue_B_8AF_351BG_511BS 511th BS, 351st BG, 8th AF
blue_B_8AF_379BG_524BS 524th BS, 379th BG, 8th AF
blue_B_8AF_379BG_525BS 525th BS, 379th BG, 8th AF
blue_B_8AF_379BG_526BS 526th BS, 379th BG, 8th AF
blue_B_8AF_379BG_527BS 527th BS, 379th BG, 8th AF
blue_B_8AF_381BG_532BS 532nd BS, 381st BG, 8th AF
blue_B_8AF_381BG_533BS 533rd BS, 381st BG, 8th AF
blue_B_8AF_381BG_534BS 534th BS, 381st BG, 8th AF
blue_B_8AF_381BG_535BS 535th BS, 381st BG, 8th AF
blue_B_8AF_384BG_544BS 544th BS, 384th BG, 8th AF
blue_B_8AF_384BG_545BS 545th BS, 384th BG, 8th AF
blue_B_8AF_384BG_546BS 546th BS, 384th BG, 8th AF
blue_B_8AF_384BG_547BS 547th BS, 384th BG, 8th AF
blue_B_8AF_385BG_548BS 548th BS, 385th BG, 8th AF
blue_B_8AF_385BG_549BS 549th BS, 385th BG, 8th AF
blue_B_8AF_385BG_550BS 550th BS, 385th BG, 8th AF
blue_B_8AF_385BG_551BS 551st BS, 385th BG, 8th AF
blue_B_8AF_388BG_560BS 560th BS, 388th BG, 8th AF
blue_B_8AF_388BG_561BS 561st BS, 388th BG, 8th AF
blue_B_8AF_388BG_562BS 562nd BS, 388th BG, 8th AF
blue_B_8AF_388BG_563BS 563rd BS, 388th BG, 8th AF
blue_B_8AF_390BG_568BS 568th BS, 390th BG, 8th AF
blue_B_8AF_390BG_569BS 569th BS, 390th BG, 8th AF
blue_B_8AF_390BG_570BS 570th BS, 390th BG, 8th AF
blue_B_8AF_390BG_571BS 571st BS, 390th BG, 8th AF
blue_B_8AF_398BG_600BS 600th BS, 398th BG, 8th AF
blue_B_8AF_398BG_601BS 601st BS, 398th BG, 8th AF
blue_B_8AF_398BG_602BS 602nd BS, 398th BG, 8th AF
blue_B_8AF_398BG_603BS 603rd BS, 398th BG, 8th AF
blue_B_8AF_401BG_612BS 612th BS, 401st BG, 8th AF
blue_B_8AF_401BG_613BS 613th BS, 401st BG, 8th AF
blue_B_8AF_401BG_614BS 614th BS, 401st BG, 8th AF
blue_B_8AF_401BG_615BS 615th BS, 401st BG, 8th AF
blue_B_8AF_447BG_708BS 708th BS, 447th BG, 8th AF
blue_B_8AF_447BG_709BS 709th BS, 447th BG, 8th AF
blue_B_8AF_447BG_710BS 710th BS, 447th BG, 8th AF
blue_B_8AF_447BG_711BS 711th BS, 447th BG, 8th AF
blue_B_8AF_452BG_728BS 728th BS, 452nd BG, 8th AF
blue_B_8AF_452BG_729BS 729th BS, 452nd BG, 8th AF
blue_B_8AF_452BG_730BS 730th BS, 452nd BG, 8th AF
blue_B_8AF_452BG_731BS 731st BS, 452nd BG, 8th AF
blue_B_8AF_457BG_748BS 748th BS, 457th BG, 8th AF
blue_B_8AF_457BG_749BS 749th BS, 457th BG, 8th AF
blue_B_8AF_457BG_750BS 750th BS, 457th BG, 8th AF
blue_B_8AF_457BG_751BS 751st BS, 457th BG, 8th AF
blue_B_8AF_486BG_832BS 832nd BS, 486th BG, 8th AF
blue_B_8AF_486BG_833BS 833rd BS, 486th BG, 8th AF
blue_B_8AF_486BG_834BS 834th BS, 486th BG, 8th AF
blue_B_8AF_486BG_835BS 835th BS, 486th BG, 8th AF
blue_B_8AF_487BG_836BS 836th BS, 487th BG, 8th AF
blue_B_8AF_487BG_837BS 837th BS, 487th BG, 8th AF
blue_B_8AF_487BG_838BS 838th BS, 487th BG, 8th AF
blue_B_8AF_487BG_839BS 839th BS, 487th BG, 8th AF
blue_B_8AF_490BG_848BS 848th BS, 490th BG, 8th AF
blue_B_8AF_490BG_849BS 849th BS, 490th BG, 8th AF
blue_B_8AF_490BG_850BS 850th BS, 490th BG, 8th AF
blue_B_8AF_490BG_851BS 851st BS, 490th BG, 8th AF
blue_B_8AF_493BG_860BS 860th BS, 493rd BG, 8th AF
blue_B_8AF_493BG_861BS 861st BS, 493rd BG, 8th AF
blue_B_8AF_493BG_862BS 862nd BS, 493rd BG, 8th AF
blue_B_8AF_493BG_863BS 863rd BS, 493rd BG, 8th AF

vi01          Frankreich

GBI39         Vichy GB I/39
GCI7          Vichy GC I/7
GCII3         Vichy GC II/3
GRII39        Vichy GR II/39
EC2595        Vichy EC 2/595
EC2596        Vichy EC 2/596

pn01          Polen

f01           Finnische Armee

fiLLv10fi         LeLv 10
fiLLv12fi         LeLv 12
fiLLv14fi         LeLv 14
fiLLv16fi         LeLv 16
fiLLv24fi         LeLv 24
fiLLv26fi         LeLv 26
LeLv28_       LeLv 28
LeLv30_       LeLv 30
LeLv32_       LeLv 32
LeLv34       LeLv 34
fiLLv36fi         LeLv 36
fiLLv44fi         LeLv 44
fiLLv46fi         LeLv 46

i01           Italienische Armee

356squadriglia 356 Squadriglia
1stormo        1 Stormo
4stormo        4 Stormo
51stormo       51 Stormo

34stormo       34 Stormo
36stormo       36 Stormo
41stormo       41 Stormo

ro01          Rum\u00E4nische Armee

Eskadrila8_     Escadrila 41
Eskadrila42_    Escadrila 42
Eskadrila53_    Escadrila 53
Eskadrila54     Escadrila 54
Eskadrila56_    Escadrila 56
Eskadrila57_    Escadrila 57
Eskadrila58_    Escadrila 58
Eskadrila60_    Escadrila 60
Eskadrila61_    Escadrila 61
Eskadrila62_    Escadrila 62
Eskadrila73_    Escadrila 73
Eskadrila81_    Escadrila 81
Eskadrila85_    Escadrila 85

5_1_FighterH VO. 101 AA

h01           Ungarische Armee

sk01          Slowakische Armee

13_JG52Slovakian  13./JG52 Slovakian
hu2-4hu       2/4 Bomb\u00e1z\u00f3 sz\u00e1zad 
hu3-5hu       3/5 Bomb\u00e1z\u00f3 sz\u00e1zad 
hu102_1Bhu    102/1 Gyorsbomb\u00e1z\u00f3 Sz\u00e1zad
hu102_3Bhu    102/3 Gyorsbomb\u00e1z\u00f3 Sz\u00e1zad
hu1-1hu       1/1 Vad\u00e1szrep\u00fcl\u00f5 Sz\u00e1zad
hu1-3hu       1/3 Vad\u00e1szrep\u00fcl\u00f5 sz\u00e1zad
hu101_9hu     101/9 Vad\u00e1szrep\u00fcl\u00f5 Sz\u00e1zad
hu101VOhu     101. Vad\u00e1szoszt\u00e1ly
hu102VOhu     102. Vad\u00e1szoszt\u00e1y
hu2-1hu       2/1 Vad\u00e1szrep\u00fcl\u00f5 sz\u00e1zad
hu102-1hu     102/1 Vad\u00e1szbomb\u00e1z\u00f3 Sz\u00e1zad
hu102_1Vhu    102/1 Zuhan\u00f3bomb\u00e1z\u00f3 Sz\u00e1zad



1_ZG2_        1./ZG 2
1_ZG76_       1./ZG 76
3_ZG1_        3./ZG 1
3_ZG26_       3./ZG 26
7_ZG26_       7./ZG 26
8_ZG26_       8./ZG 26
9_ZG26_       9./ZG 26
JG6_I         I/JG 6
JG6_II        II/JG 6
JG6_III       III/JG 6
NJG1_I        I/NJG 1
NJG1_II       II/NJG 1
NJG1_III      III/NJG 1
NJG1_Stab     Stab/NJG 1
NJG2_I        I/NJG 2
NJG2_II       II/NJG 2
NJG2_III      III/NJG 2
NJG3_I        I/NJG 3
NJG3_II       II/NJG 3
NJG3_III      III/NJG 3
ZG1_I         I/ZG 1
ZG1_II        II/ZG 1
ZG1_III       III/ZG 1
ZG26_I        I/ZG 26
ZG26_II       II/ZG 26
ZG26_III      III/ZG 26
ZG26_Stab     Stab/ZG 26
ZG2_I         I/ZG 2
ZG2_III       III/ZG 2
ZG52_I        I/ZG 52
ZG76_I        I/ZG 76
ZG76_II       II/ZG 76
ZG76_III      III/ZG 76
SKG_210_      SKG 210
NSG9          NSG 9

mk01          Mandschurei

ir01          Iranische Luftwaffe

cc01          China

kp01          Nordkorea

ja01          Kaiserlich Japanische Armee

IJA_F_C_104z  104th Dokuritsu Chutai
IJA_F_C_10z   10th Dokuritsu Chutai
IJA_F_C_13z   13th Dokuritsu Chutai
IJA_F_C_14z   14th Dokuritsu Chutai
IJA_F_C_16z   16th Dokuritsu Chutai
IJA_F_C_17z   17th Dokuritsu Chutai
IJA_F_C_18z   18th Dokuritsu Chutai
IJA_F_C_19z   19th Dokuritsu Chutai
IJA_F_C_1z    1st Dokuritsu Chutai
IJA_F_C_23z   23rd Dokuritsu Chutai
IJA_F_C_24z   24th Dokuritsu Chutai
IJA_F_C_25z   25th Dokuritsu Chutai
IJA_F_C_26z   26th Dokuritsu Chutai
IJA_F_C_2z    2nd Dokuritsu Chutai
IJA_F_C_47z   47th Dokuritsu Chutai
IJA_F_C_4z    4th Dokuritsu Chutai
IJA_F_C_50z   50th Dokuritsu Chutai
IJA_F_C_51z   51th Dokuritsu Chutai
IJA_F_C_55z   55th Dokuritsu Chutai
IJA_F_C_5z    5th Dokuritsu Chutai
IJA_F_C_63z   63rd Dokuritsu Chutai
IJA_F_C_70z   70th Dokuritsu Chutai
IJA_F_C_71z   71th Dokuritsu Chutai
IJA_F_C_74z   74th Dokuritsu Chutai
IJA_F_C_76z   76th Dokuritsu Chutai
IJA_F_C_81z   81st Dokuritsu Chutai
IJA_F_C_82z   82th Dokuritsu Chutai
IJA_F_C_83z   83rd Dokuritsu Chutai
IJA_F_C_84z   84th Dokuritsu Chutai
IJA_F_C_85z   85th Dokuritsu Chutai
IJA_F_C_9z    9th Dokuritsu Chutai
IJA_F_D_23z   23rd Hiko Daitai
IJA_F_D_28z   28th Hiko Daitai
IJA_F_D_2z    2nd Hiko Daitai
IJA_F_D_8z    8th Hiko Daitai
IJA_F_H_38z   38th Dokuritsu Hikotai
IJA_F_K_8z    8th Hyo-iku Hikotai
IJA_F_L_11z   11th Lensei Hikotai
IJA_F_L_16z   16th Lensei Hikotai
IJA_F_L_18z   18th Lensei Hikotai
IJA_F_L_5z    5th Lensei Hikotai
IJA_F_S_101z  101st Hiko Sentai
IJA_F_S_103z  103rd Hiko Sentai
IJA_F_S_104z  104th Hiko Sentai
IJA_F_S_105z  105th Hiko Sentai
IJA_F_S_106z  106th Hiko Sentai
IJA_F_S_10z   10th Hiko Sentai
IJA_F_S_111z  111th Hiko Sentai
IJA_F_S_112z  112th Hiko Sentai
IJA_F_S_11z   11th Hiko Sentai
IJA_F_S_13z   13th Hiko Sentai
IJA_F_S_144z  144th Hiko Sentai
IJA_F_S_15z   15th Hiko Sentai
IJA_F_S_17z   17th Hiko Sentai
IJA_F_S_18z   18th Hiko Sentai
IJA_F_S_19z   19th Hiko Sentai
IJA_F_S_1z    1st Hiko Sentai
IJA_F_S_200z  200th Hiko Sentai
IJA_F_S_204z  204th Hiko Sentai
IJA_F_S_20z   20th Hiko Sentai
IJA_F_S_21z   21st Hiko Sentai
IJA_F_S_22z   22nd Hiko Sentai
IJA_F_S_23z   23rd Hiko Sentai
IJA_F_S_244z  244th Hiko Sentai
IJA_F_S_246z  246st Hiko Sentai
IJA_F_S_248z  248th Hiko Sentai
IJA_F_S_24z   24th Hiko Sentai
IJA_F_S_25z   25th Hiko Sentai
IJA_F_S_26z   26th Hiko Sentai
IJA_F_S_28z   28th Hiko Sentai
IJA_F_S_29z   29th Hiko Sentai
IJA_F_S_30z   30th Hiko Sentai
IJA_F_S_31z   31st Hiko Sentai
IJA_F_S_33z   33rd Hiko Sentai
IJA_F_S_37z   37rd Hiko Sentai
IJA_F_S_38z   38th Hiko Sentai
IJA_F_S_47z   47th Hiko Sentai
IJA_F_S_48z   48th Hiko Sentai
IJA_F_S_4z    4th Hiko Sentai
IJA_F_S_50z   50th Hiko Sentai
IJA_F_S_51z   51st Hiko Sentai
IJA_F_S_52z   52nd Hiko Sentai
IJA_F_S_53z   53rd Hiko Sentai
IJA_F_S_54z   54th Hiko Sentai
IJA_F_S_55z   55th Hiko Sentai
IJA_F_S_56z   56th Hiko Sentai
IJA_F_S_59z   59th Hiko Sentai
IJA_F_S_5z    5th Hiko Sentai
IJA_F_S_63z   63rd Hiko Sentai
IJA_F_S_64z   64th Hiko Sentai
IJA_F_S_65z   65th Hiko Sentai
IJA_F_S_68z   68th Hiko Sentai
IJA_F_S_70z   70th Hiko Sentai
IJA_F_S_71z   71st Hiko Sentai
IJA_F_S_72z   72nd Hiko Sentai
IJA_F_S_73z   73rd Hiko Sentai
IJA_F_S_77z   77th Hiko Sentai
IJA_F_S_78z   78th Hiko Sentai
IJA_F_S_81z   81th Hiko Sentai
IJA_F_S_82z   82th Hiko Sentai
IJA_F_S_85z   85th Hiko Sentai
IJA_F_S_87z   87th Hiko Sentai
IJA_F_S_88z   88th Hiko Sentai
IJA_F_S_9z    9th Hiko Sentai
IJA_F_TS      Flight Test Centre

IN_NN Kaiserliche Japanische Marine

IJN_AG_1_FS 1st Kokutai VF
IJN_AG_1_VB 1st Kokutai VB
IJN_AG_1_VT 1st Kokutai VT
IJN_AG_1001z Kokutai 1001
IJN_AG_1021z Kokutai 1021
IJN_AG_1022z Kokutai 1022
IJN_AG_1023z Kokutai 1023
IJN_AG_1081z Kokutai 1081
IJN_AG_12z Kokutai 12
IJN_AG_13z Kokutai 13
IJN_AG_14z Kokutai 14
IJN_AG_153z Kokutai 153
IJN_AG_15z Kokutai 15
IJN_AG_2_582z 2nd Kokutai (582) VF
IJN_AG_201z Kokutai 201
IJN_AG_202z Kokutai 202
IJN_AG_203z Kokutai 203
IJN_AG_204z Kokutai 204
IJN_AG_221z Kokutai 221
IJN_AG_22AF 22nd AF HQ VF 
IJN_AG_251z Kokutai 251
IJN_AG_252z Kokutai 252
IJN_AG_253z Kokutai 253
IJN_AG_254z Kokutai 254
IJN_AG_256z Kokutai 256
IJN_AG_261z Kokutai 261
IJN_AG_263z Kokutai 263
IJN_AG_265z Kokutai 265
IJN_AG_281z Kokutai 281
IJN_AG_301z Kokutai 301
IJN_AG_321z Kokutai 321
IJN_AG_331z Kokutai 331
IJN_AG_341z Kokutai 341
IJN_AG_343z Kokutai 343
IJN_AG_345z Kokutai 345
IJN_AG_381z Kokutai 381
IJN_AG_3z   3rd Kokutai
IJN_AG_4_FS 4th Kokutai VF
IJN_AG_4_VB 4th Kokutai VB
IJN_AG_4_VT 4th Kokutai VT
IJN_AG_501_FS Kokutai 501 VF
IJN_AG_501_VB Kokutai 501 VB
IJN_AG_501_VT Kokutai 501 VT
IJN_AG_601_FS Kokutai 601 VF
IJN_AG_601_VB Kokutai 601 VB
IJN_AG_601_VT Kokutai 601 VT
IJN_AG_634_FS Kokutai 634 VF
IJN_AG_634_VB Kokutai 634 VB
IJN_AG_634_VT Kokutai 634 VT
IJN_AG_652_FS Kokutai 652 VF
IJN_AG_652_VB Kokutai 652 VB
IJN_AG_652_VT Kokutai 652 VT
IJN_AG_653_FS Kokutai 653 VF
IJN_AG_653_VB Kokutai 653 VB
IJN_AG_653_VT Kokutai 653 VT
IJN_AG_6z     6th Kokutai
IJN_AG_706z   Kokutai 706
IJN_AG_721z   Kokutai 721
IJN_AG_722z   Kokutai 722
IJN_AG_732z   Kokutai 732
IJN_AG_752z   Kokutai 752
IJN_AG_755z   Kokutai 755
IJN_AG_761stz Kokutai 761
IJN_AG_762z   Kokutai 762
IJN_AG_763z   Kokutai 763
IJN_AG_765z   Kokutai 765
IJN_AG_801z   Kokutai 801
IJN_AG_901z   Kokutai 901
IJN_AG_903z   Kokutai 903
IJN_AG_951z   Kokutai 951
IJN_AG_Chitose_FS Chitose Kokutai VF
IJN_AG_Chitose_VB Chitose Kokutai VB
IJN_AG_Chitose_VT Chitose Kokutai VT
IJN_AG_Kanoya     Kanoya Kokutai
IJN_AG_Kisarazu   Kisarazu Kokutai
IJN_AG_Matsushima Matsushima Kokutai
IJN_AG_Misawa     Misawa Kokutai
IJN_AG_Miyazaki   Miyazaki Kokutai
IJN_AG_Oryu       Oryu Kokutai
IJN_AG_Sans       San's Kokutai
IJN_AG_Shinchiku  Shinchiku Kokutai
IJN_AG_Tainan     Tainan Kokutai
IJN_AG_Takao      Takao Kokutai
IJN_AG_Toyohashi  Toyohashi Kokutai
IJN_AG_Yokosuka   Yokosuka Kokutai
IJN_C_Akagi_FS    Akagi Fighter Hikotai
IJN_C_Akagi_FS_VB Akagi Bomber Hikotai
IJN_C_Akagi_FS_VT Akagi Attack Hikotai
IJN_C_Hiryu_FS    Hiryu Fighter Hikotai
IJN_C_Hiryu_FS_VB Hiryu Bomber Hikotai
IJN_C_Hiryu_FS_VT Hiryu Attack Hikotai
IJN_C_Hiyo_FS     Hiyo Fighter Hikotai
IJN_C_Hiyo_FS_VB  Hiyo Bomber Hikotai
IJN_C_Hiyo_FS_VT  Hiyo Attack Hikotai
IJN_C_Hosho_FS    Hosho Fighter Hikotai
IJN_C_Hosho_FS_VB Hosho Bomber Hikotai
IJN_C_Hosho_FS_VT Hosho Attack Hikotai
IJN_C_Junyo_FS    Junyo Fighter Hikotai
IJN_C_Junyo_FS_VB Junyo Bomber Hikotai
IJN_C_Junyo_FS_VT Junyo Attack Hikotai
IJN_C_Kaga_FS     Kaga Fighter Hikotai
IJN_C_Kaga_FS_VB  Kaga Bomber Hikotai
IJN_C_Kaga_FS_VT  Kaga Attack Hikotai
IJN_C_Ryuho_FS    Hiryu Fighter Hikotai
IJN_C_Ryuho_FS_VB Hiryu Bomber Hikotai
IJN_C_Ryuho_FS_VT Hiryu Attack Hikotai
IJN_C_Ryujo_FS    Ryujo Fighter Hikotai
IJN_C_Ryujo_FS_VB Ryujo Bomber Hikotai
IJN_C_Ryujo_FS_VT Ryujo Attack Hikotai
IJN_C_Shoho_FS    Shoho Fighter Hikotai
IJN_C_Shoho_FS_VB Shoho Bomber Hikotai
IJN_C_Shoho_FS_VT Shoho Attack Hikotai
IJN_C_Shokaku_FS  Shokaku Fighter Hikotai
IJN_C_Shokaku_FS_VB Shokaku Bomber Hikotai
IJN_C_Shokaku_FS_VT Shokaku Attack Hikotai
IJN_C_Soryu_FS      Soryu Fighter Hikotai  
IJN_C_Soryu_FS_VB   Soryu Bomber Hikotai   
IJN_C_Soryu_FS_VT   Soryu Attack Hikotai   
IJN_C_Zuiho_FS      Zuiho Fighter Hikotai  
IJN_C_Zuiho_FS_VB   Zuiho Bomber Hikotai   
IJN_C_Zuiho_FS_VT   Zuiho Attack Hikotai   
IJN_C_Zuikaku_FS    Zuikaku Fighter Hikotai
IJN_C_Zuikaku_FS_VB Zuikaku Bomber Hikotai 
IJN_C_Zuikaku_FS_VT Zuikaku Attack Hikotai 
IJN_H_701z  Attack Hikotai 701        
IJN_H_703z  Attack Hikotai 703



78IAP             78th IAP
95IAP             95th IAP
519IAP            519th IAP
26ShAPTOF         26th ShAP TOF
525ShAP           525th ShaP
571ShAP           571st ShAP
108GvShAP         108th GvShAP
9BBAP             9th BBAP
779BAP            779th BAP
12GPBAPKBF        12th GvBAP KBF
35GvBAP           35th GvBAP
51MTAP            51st MTAP

